#pragma once
#include <cstddef>

namespace pp_ocr_v6 {
namespace dict {
static constexpr const char *charset[] = {
    "", // CTC blank
    "\x21",
    "\x22",
    "\x23",
    "\x24",
    "\x25",
    "\x26",
    "\x27",
    "\x28",
    "\x29",
    "\x2a",
    "\x2b",
    "\x2c",
    "\x2d",
    "\x2e",
    "\x2f",
    "\x3a",
    "\x3b",
    "\x3c",
    "\x3d",
    "\x3e",
    "\x3f",
    "\x40",
    "\x5b",
    "\x5c",
    "\x5d",
    "\x5e",
    "\x5f",
    "\x60",
    "\x7b",
    "\x7c",
    "\x7d",
    "\x7e",
    "\x30",
    "\x31",
    "\x32",
    "\x33",
    "\x34",
    "\x35",
    "\x36",
    "\x37",
    "\x38",
    "\x39",
    "\x41",
    "\x42",
    "\x43",
    "\x44",
    "\x45",
    "\x46",
    "\x47",
    "\x48",
    "\x49",
    "\x4a",
    "\x4b",
    "\x4c",
    "\x4d",
    "\x4e",
    "\x4f",
    "\x50",
    "\x51",
    "\x52",
    "\x53",
    "\x54",
    "\x55",
    "\x56",
    "\x57",
    "\x58",
    "\x59",
    "\x5a",
    "\x61",
    "\x62",
    "\x63",
    "\x64",
    "\x65",
    "\x66",
    "\x67",
    "\x68",
    "\x69",
    "\x6a",
    "\x6b",
    "\x6c",
    "\x6d",
    "\x6e",
    "\x6f",
    "\x70",
    "\x71",
    "\x72",
    "\x73",
    "\x74",
    "\x75",
    "\x76",
    "\x77",
    "\x78",
    "\x79",
    "\x7a",
    "\xc2\xa2",
    "\xc2\xa3",
    "\xc2\xa4",
    "\xc2\xa5",
    "\xc2\xa6",
    "\xc2\xa7",
    "\xc2\xa8",
    "\xc2\xa9",
    "\xc2\xaa",
    "\xc2\xab",
    "\xc2\xac",
    "\xc2\xae",
    "\xc2\xaf",
    "\xc2\xb0",
    "\xc2\xb1",
    "\xc2\xb2",
    "\xc2\xb3",
    "\xc2\xb4",
    "\xc2\xb5",
    "\xc2\xb6",
    "\xc2\xb7",
    "\xc2\xb8",
    "\xc2\xb9",
    "\xc2\xba",
    "\xc2\xbb",
    "\xc2\xbc",
    "\xc2\xbd",
    "\xc2\xbe",
    "\xc2\xbf",
    "\xc3\x80",
    "\xc3\x81",
    "\xc3\x82",
    "\xc3\x83",
    "\xc3\x84",
    "\xc3\x85",
    "\xc3\x86",
    "\xc3\x87",
    "\xc3\x88",
    "\xc3\x89",
    "\xc3\x8a",
    "\xc3\x8b",
    "\xc3\x8c",
    "\xc3\x8d",
    "\xc3\x8e",
    "\xc3\x8f",
    "\xc3\x90",
    "\xc3\x91",
    "\xc3\x92",
    "\xc3\x93",
    "\xc3\x94",
    "\xc3\x95",
    "\xc3\x96",
    "\xc3\x97",
    "\xc3\x98",
    "\xc3\x99",
    "\xc3\x9a",
    "\xc3\x9b",
    "\xc3\x9c",
    "\xc3\x9d",
    "\xc3\x9e",
    "\xc3\x9f",
    "\xc3\xa0",
    "\xc3\xa1",
    "\xc3\xa2",
    "\xc3\xa3",
    "\xc3\xa4",
    "\xc3\xa5",
    "\xc3\xa6",
    "\xc3\xa7",
    "\xc3\xa8",
    "\xc3\xa9",
    "\xc3\xaa",
    "\xc3\xab",
    "\xc3\xac",
    "\xc3\xad",
    "\xc3\xae",
    "\xc3\xaf",
    "\xc3\xb0",
    "\xc3\xb1",
    "\xc3\xb2",
    "\xc3\xb3",
    "\xc3\xb4",
    "\xc3\xb5",
    "\xc3\xb6",
    "\xc3\xb7",
    "\xc3\xb8",
    "\xc3\xb9",
    "\xc3\xba",
    "\xc3\xbb",
    "\xc3\xbc",
    "\xc3\xbd",
    "\xc3\xbe",
    "\xc3\xbf",
    "\xc4\x80",
    "\xc4\x81",
    "\xc4\x82",
    "\xc4\x83",
    "\xc4\x84",
    "\xc4\x85",
    "\xc4\x86",
    "\xc4\x87",
    "\xc4\x88",
    "\xc4\x89",
    "\xc4\x8a",
    "\xc4\x8b",
    "\xc4\x8c",
    "\xc4\x8d",
    "\xc4\x8e",
    "\xc4\x8f",
    "\xc4\x90",
    "\xc4\x91",
    "\xc4\x92",
    "\xc4\x93",
    "\xc4\x94",
    "\xc4\x95",
    "\xc4\x96",
    "\xc4\x97",
    "\xc4\x98",
    "\xc4\x99",
    "\xc4\x9a",
    "\xc4\x9b",
    "\xc4\x9c",
    "\xc4\x9d",
    "\xc4\x9e",
    "\xc4\x9f",
    "\xc4\xa0",
    "\xc4\xa1",
    "\xc4\xa2",
    "\xc4\xa3",
    "\xc4\xa4",
    "\xc4\xa5",
    "\xc4\xa6",
    "\xc4\xa7",
    "\xc4\xa8",
    "\xc4\xa9",
    "\xc4\xaa",
    "\xc4\xab",
    "\xc4\xac",
    "\xc4\xad",
    "\xc4\xae",
    "\xc4\xaf",
    "\xc4\xb0",
    "\xc4\xb1",
    "\xc4\xb2",
    "\xc4\xb3",
    "\xc4\xb4",
    "\xc4\xb5",
    "\xc4\xb6",
    "\xc4\xb7",
    "\xc4\xb8",
    "\xc4\xb9",
    "\xc4\xba",
    "\xc4\xbb",
    "\xc4\xbc",
    "\xc4\xbd",
    "\xc4\xbe",
    "\xc4\xbf",
    "\xc5\x80",
    "\xc5\x81",
    "\xc5\x82",
    "\xc5\x83",
    "\xc5\x84",
    "\xc5\x85",
    "\xc5\x86",
    "\xc5\x87",
    "\xc5\x88",
    "\xc5\x89",
    "\xc5\x8a",
    "\xc5\x8b",
    "\xc5\x8c",
    "\xc5\x8d",
    "\xc5\x8e",
    "\xc5\x8f",
    "\xc5\x90",
    "\xc5\x91",
    "\xc5\x92",
    "\xc5\x93",
    "\xc5\x94",
    "\xc5\x95",
    "\xc5\x96",
    "\xc5\x97",
    "\xc5\x98",
    "\xc5\x99",
    "\xc5\x9a",
    "\xc5\x9b",
    "\xc5\x9c",
    "\xc5\x9d",
    "\xc5\x9e",
    "\xc5\x9f",
    "\xc5\xa0",
    "\xc5\xa1",
    "\xc5\xa2",
    "\xc5\xa3",
    "\xc5\xa4",
    "\xc5\xa5",
    "\xc5\xa6",
    "\xc5\xa7",
    "\xc5\xa8",
    "\xc5\xa9",
    "\xc5\xaa",
    "\xc5\xab",
    "\xc5\xac",
    "\xc5\xad",
    "\xc5\xae",
    "\xc5\xaf",
    "\xc5\xb0",
    "\xc5\xb1",
    "\xc5\xb2",
    "\xc5\xb3",
    "\xc5\xb4",
    "\xc5\xb5",
    "\xc5\xb6",
    "\xc5\xb7",
    "\xc5\xb8",
    "\xc5\xb9",
    "\xc5\xba",
    "\xc5\xbb",
    "\xc5\xbc",
    "\xc5\xbd",
    "\xc5\xbe",
    "\xc5\xbf",
    "\xc6\x92",
    "\xce\x91",
    "\xce\x92",
    "\xce\x93",
    "\xce\x94",
    "\xce\x95",
    "\xce\x96",
    "\xce\x97",
    "\xce\x98",
    "\xce\x99",
    "\xce\x9a",
    "\xce\x9b",
    "\xce\x9c",
    "\xce\x9d",
    "\xce\x9e",
    "\xce\x9f",
    "\xce\xa0",
    "\xce\xa1",
    "\xce\xa3",
    "\xce\xa4",
    "\xce\xa5",
    "\xce\xa6",
    "\xce\xa7",
    "\xce\xa8",
    "\xce\xa9",
    "\xce\xb1",
    "\xce\xb2",
    "\xce\xb3",
    "\xce\xb4",
    "\xce\xb5",
    "\xce\xb6",
    "\xce\xb7",
    "\xce\xb8",
    "\xce\xb9",
    "\xce\xba",
    "\xce\xbb",
    "\xce\xbc",
    "\xce\xbd",
    "\xce\xbe",
    "\xce\xbf",
    "\xcf\x80",
    "\xcf\x81",
    "\xcf\x83",
    "\xcf\x84",
    "\xcf\x85",
    "\xcf\x86",
    "\xcf\x87",
    "\xcf\x88",
    "\xcf\x89",
    "\xcf\x95",
    "\xcf\xb5",
    "\xe1\xba\xa0",
    "\xe1\xbb\x93",
    "\xe2\x80\x93",
    "\xe2\x80\x94",
    "\xe2\x80\x95",
    "\xe2\x80\x96",
    "\xe2\x80\x98",
    "\xe2\x80\x99",
    "\xe2\x80\x9c",
    "\xe2\x80\x9d",
    "\xe2\x80\xa0",
    "\xe2\x80\xa1",
    "\xe2\x80\xa2",
    "\xe2\x80\xa5",
    "\xe2\x80\xa6",
    "\xe2\x80\xb0",
    "\xe2\x80\xb2",
    "\xe2\x80\xb3",
    "\xe2\x80\xbb",
    "\xe2\x81\x8e",
    "\xe2\x81\xb0",
    "\xe2\x81\xb4",
    "\xe2\x81\xb5",
    "\xe2\x81\xb6",
    "\xe2\x81\xb7",
    "\xe2\x81\xb8",
    "\xe2\x81\xb9",
    "\xe2\x81\xba",
    "\xe2\x81\xbb",
    "\xe2\x81\xbc",
    "\xe2\x81\xbd",
    "\xe2\x81\xbe",
    "\xe2\x81\xbf",
    "\xe2\x82\x80",
    "\xe2\x82\x81",
    "\xe2\x82\x82",
    "\xe2\x82\x83",
    "\xe2\x82\x84",
    "\xe2\x82\x85",
    "\xe2\x82\x86",
    "\xe2\x82\x87",
    "\xe2\x82\x88",
    "\xe2\x82\x89",
    "\xe2\x82\x8a",
    "\xe2\x82\x8b",
    "\xe2\x82\x8c",
    "\xe2\x82\x8d",
    "\xe2\x82\x8e",
    "\xe2\x82\x92",
    "\xe2\x82\xa0",
    "\xe2\x82\xa1",
    "\xe2\x82\xa4",
    "\xe2\x82\xa7",
    "\xe2\x82\xa9",
    "\xe2\x82\xaa",
    "\xe2\x82\xab",
    "\xe2\x82\xac",
    "\xe2\x82\xad",
    "\xe2\x82\xae",
    "\xe2\x82\xb1",
    "\xe2\x82\xb9",
    "\xe2\x82\xba",
    "\xe2\x82\xbd",
    "\xe2\x82\xbf",
    "\xe2\x84\x83",
    "\xe2\x84\x89",
    "\xe2\x84\x8e",
    "\xe2\x84\x8f",
    "\xe2\x84\x91",
    "\xe2\x84\x98",
    "\xe2\x84\x9c",
    "\xe2\x84\xa2",
    "\xe2\x84\xa7",
    "\xe2\x84\xab",
    "\xe2\x84\xb5",
    "\xe2\x84\xb6",
    "\xe2\x84\xb7",
    "\xe2\x84\xb8",
    "\xe2\x84\xb9",
    "\xe2\x85\x80",
    "\xe2\x85\xa0",
    "\xe2\x85\xa1",
    "\xe2\x85\xa2",
    "\xe2\x85\xa3",
    "\xe2\x85\xa4",
    "\xe2\x85\xa5",
    "\xe2\x85\xa6",
    "\xe2\x85\xa7",
    "\xe2\x85\xa8",
    "\xe2\x85\xa9",
    "\xe2\x85\xaa",
    "\xe2\x85\xab",
    "\xe2\x85\xb0",
    "\xe2\x85\xb1",
    "\xe2\x85\xb2",
    "\xe2\x85\xb3",
    "\xe2\x85\xb4",
    "\xe2\x85\xb5",
    "\xe2\x85\xb6",
    "\xe2\x85\xb7",
    "\xe2\x85\xb8",
    "\xe2\x85\xb9",
    "\xe2\x85\xba",
    "\xe2\x85\xbb",
    "\xe2\x86\x90",
    "\xe2\x86\x91",
    "\xe2\x86\x92",
    "\xe2\x86\x93",
    "\xe2\x86\x94",
    "\xe2\x86\x95",
    "\xe2\x86\x96",
    "\xe2\x86\x97",
    "\xe2\x86\x98",
    "\xe2\x86\x99",
    "\xe2\x87\x90",
    "\xe2\x87\x91",
    "\xe2\x87\x92",
    "\xe2\x87\x93",
    "\xe2\x87\x94",
    "\xe2\x87\x95",
    "\xe2\x88\x80",
    "\xe2\x88\x82",
    "\xe2\x88\x83",
    "\xe2\x88\x85",
    "\xe2\x88\x86",
    "\xe2\x88\x87",
    "\xe2\x88\x88",
    "\xe2\x88\x89",
    "\xe2\x88\x8f",
    "\xe2\x88\x91",
    "\xe2\x88\x92",
    "\xe2\x88\x93",
    "\xe2\x88\x95",
    "\xe2\x88\x99",
    "\xe2\x88\x9a",
    "\xe2\x88\x9d",
    "\xe2\x88\x9e",
    "\xe2\x88\xa0",
    "\xe2\x88\xa5",
    "\xe2\x88\xa7",
    "\xe2\x88\xa8",
    "\xe2\x88\xa9",
    "\xe2\x88\xaa",
    "\xe2\x88\xab",
    "\xe2\x88\xac",
    "\xe2\x88\xae",
    "\xe2\x88\xb4",
    "\xe2\x88\xb5",
    "\xe2\x88\xb6",
    "\xe2\x88\xb7",
    "\xe2\x88\xbc",
    "\xe2\x88\xbd",
    "\xe2\x89\x88",
    "\xe2\x89\x8c",
    "\xe2\x89\x92",
    "\xe2\x89\xa0",
    "\xe2\x89\xa1",
    "\xe2\x89\xa4",
    "\xe2\x89\xa5",
    "\xe2\x89\xa6",
    "\xe2\x89\xa7",
    "\xe2\x89\xaa",
    "\xe2\x89\xab",
    "\xe2\x89\xae",
    "\xe2\x89\xaf",
    "\xe2\x8a\x82",
    "\xe2\x8a\x83",
    "\xe2\x8a\x86",
    "\xe2\x8a\x87",
    "\xe2\x8a\x8a",
    "\xe2\x8a\x8b",
    "\xe2\x8a\x95",
    "\xe2\x8a\x97",
    "\xe2\x8a\x99",
    "\xe2\x8a\xa5",
    "\xe2\x8b\x85",
    "\xe2\x91\xa0",
    "\xe2\x91\xa1",
    "\xe2\x91\xa2",
    "\xe2\x91\xa3",
    "\xe2\x91\xa4",
    "\xe2\x91\xa5",
    "\xe2\x91\xa6",
    "\xe2\x91\xa7",
    "\xe2\x91\xa8",
    "\xe2\x91\xa9",
    "\xe2\x91\xaa",
    "\xe2\x91\xab",
    "\xe2\x91\xac",
    "\xe2\x91\xad",
    "\xe2\x91\xae",
    "\xe2\x91\xaf",
    "\xe2\x91\xb0",
    "\xe2\x91\xb1",
    "\xe2\x91\xb2",
    "\xe2\x91\xb3",
    "\xe2\x96\xa0",
    "\xe2\x96\xa1",
    "\xe2\x96\xb2",
    "\xe2\x96\xb3",
    "\xe2\x96\xb6",
    "\xe2\x96\xbc",
    "\xe2\x96\xbd",
    "\xe2\x97\x80",
    "\xe2\x97\x86",
    "\xe2\x97\x87",
    "\xe2\x97\x8b",
    "\xe2\x97\x8e",
    "\xe2\x97\x8f",
    "\xe2\x98\x80",
    "\xe2\x98\x81",
    "\xe2\x98\x82",
    "\xe2\x98\x85",
    "\xe2\x98\x86",
    "\xe2\x98\x8e",
    "\xe2\x98\x90",
    "\xe2\x98\x91",
    "\xe2\x98\x92",
    "\xe2\x98\x94",
    "\xe2\x98\x95",
    "\xe2\x98\xa0",
    "\xe2\x99\x80",
    "\xe2\x99\x82",
    "\xe2\x99\xa0",
    "\xe2\x99\xa1",
    "\xe2\x99\xa3",
    "\xe2\x99\xa4",
    "\xe2\x99\xa5",
    "\xe2\x99\xa6",
    "\xe2\x99\xbb",
    "\xe2\x9a\x93",
    "\xe2\x9a\xa0",
    "\xe2\x9a\xa1",
    "\xe2\x9c\x93",
    "\xe2\x9c\x94",
    "\xe2\x9c\x95",
    "\xe2\x9c\x96",
    "\xe2\x9c\x98",
    "\xe2\x9c\x9a",
    "\xe2\x9c\xa0",
    "\xe2\x9c\xa8",
    "\xe2\x9c\xb3",
    "\xe2\x9c\xb4",
    "\xe2\x9c\xb6",
    "\xe2\x9c\xbd",
    "\xe2\x9d\x84",
    "\xe2\x9d\x8c",
    "\xe2\x9d\x8e",
    "\xe2\x9d\x93",
    "\xe2\x9d\xa4",
    "\xe3\x80\x80",
    "\xe3\x80\x81",
    "\xe3\x80\x82",
    "\xe3\x80\x85",
    "\xe3\x80\x86",
    "\xe3\x80\x87",
    "\xe3\x80\x88",
    "\xe3\x80\x89",
    "\xe3\x80\x8a",
    "\xe3\x80\x8b",
    "\xe3\x80\x8c",
    "\xe3\x80\x8d",
    "\xe3\x80\x8e",
    "\xe3\x80\x8f",
    "\xe3\x80\x90",
    "\xe3\x80\x91",
    "\xe3\x80\x92",
    "\xe3\x80\x94",
    "\xe3\x80\x95",
    "\xe3\x80\x96",
    "\xe3\x80\x97",
    "\xe3\x80\x9c",
    "\xe3\x80\xb0",
    "\xe3\x80\xb5",
    "\xe3\x80\xbd",
    "\xe3\x88\xb1",
    "\xe3\x8a\x97",
    "\xe3\x8a\x99",
    "\xe4\xb8\x80",
    "\xe4\xb8\x81",
    "\xe4\xb8\x83",
    "\xe4\xb8\x84",
    "\xe4\xb8\x87",
    "\xe4\xb8\x88",
    "\xe4\xb8\x89",
    "\xe4\xb8\x8a",
    "\xe4\xb8\x8b",
    "\xe4\xb8\x8d",
    "\xe4\xb8\x8e",
    "\xe4\xb8\x90",
    "\xe4\xb8\x91",
    "\xe4\xb8\x93",
    "\xe4\xb8\x94",
    "\xe4\xb8\x95",
    "\xe4\xb8\x96",
    "\xe4\xb8\x98",
    "\xe4\xb8\x99",
    "\xe4\xb8\x9a",
    "\xe4\xb8\x9b",
    "\xe4\xb8\x9c",
    "\xe4\xb8\x9d",
    "\xe4\xb8\x9e",
    "\xe4\xb8\xa1",
    "\xe4\xb8\xa2",
    "\xe4\xb8\xa4",
    "\xe4\xb8\xa5",
    "\xe4\xb8\xa7",
    "\xe4\xb8\xaa",
    "\xe4\xb8\xab",
    "\xe4\xb8\xad",
    "\xe4\xb8\xb0",
    "\xe4\xb8\xb2",
    "\xe4\xb8\xb4",
    "\xe4\xb8\xb8",
    "\xe4\xb8\xb9",
    "\xe4\xb8\xba",
    "\xe4\xb8\xbb",
    "\xe4\xb8\xbc",
    "\xe4\xb8\xbd",
    "\xe4\xb8\xbe",
    "\xe4\xb8\xbf",
    "\xe4\xb9\x82",
    "\xe4\xb9\x83",
    "\xe4\xb9\x85",
    "\xe4\xb9\x88",
    "\xe4\xb9\x89",
    "\xe4\xb9\x8b",
    "\xe4\xb9\x8c",
    "\xe4\xb9\x8d",
    "\xe4\xb9\x8e",
    "\xe4\xb9\x8f",
    "\xe4\xb9\x90",
    "\xe4\xb9\x92",
    "\xe4\xb9\x93",
    "\xe4\xb9\x94",
    "\xe4\xb9\x96",
    "\xe4\xb9\x98",
    "\xe4\xb9\x99",
    "\xe4\xb9\x9c",
    "\xe4\xb9\x9d",
    "\xe4\xb9\x9e",
    "\xe4\xb9\x9f",
    "\xe4\xb9\xa0",
    "\xe4\xb9\xa1",
    "\xe4\xb9\xa6",
    "\xe4\xb9\xb0",
    "\xe4\xb9\xb1",
    "\xe4\xb9\xb3",
    "\xe4\xb9\xb8",
    "\xe4\xb9\xbe",
    "\xe4\xba\x86",
    "\xe4\xba\x88",
    "\xe4\xba\x89",
    "\xe4\xba\x8b",
    "\xe4\xba\x8c",
    "\xe4\xba\x8d",
    "\xe4\xba\x8e",
    "\xe4\xba\x8f",
    "\xe4\xba\x91",
    "\xe4\xba\x92",
    "\xe4\xba\x93",
    "\xe4\xba\x94",
    "\xe4\xba\x95",
    "\xe4\xba\x98",
    "\xe4\xba\x9a",
    "\xe4\xba\x9b",
    "\xe4\xba\x9c",
    "\xe4\xba\x9e",
    "\xe4\xba\x9f",
    "\xe4\xba\xa1",
    "\xe4\xba\xa2",
    "\xe4\xba\xa4",
    "\xe4\xba\xa5",
    "\xe4\xba\xa6",
    "\xe4\xba\xa7",
    "\xe4\xba\xa8",
    "\xe4\xba\xa9",
    "\xe4\xba\xab",
    "\xe4\xba\xac",
    "\xe4\xba\xad",
    "\xe4\xba\xae",
    "\xe4\xba\xb2",
    "\xe4\xba\xb3",
    "\xe4\xba\xb5",
    "\xe4\xba\xba",
    "\xe4\xba\xbf",
    "\xe4\xbb\x80",
    "\xe4\xbb\x81",
    "\xe4\xbb\x83",
    "\xe4\xbb\x84",
    "\xe4\xbb\x85",
    "\xe4\xbb\x86",
    "\xe4\xbb\x87",
    "\xe4\xbb\x8a",
    "\xe4\xbb\x8b",
    "\xe4\xbb\x8d",
    "\xe4\xbb\x8e",
    "\xe4\xbb\x91",
    "\xe4\xbb\x93",
    "\xe4\xbb\x94",
    "\xe4\xbb\x95",
    "\xe4\xbb\x96",
    "\xe4\xbb\x97",
    "\xe4\xbb\x98",
    "\xe4\xbb\x99",
    "\xe4\xbb\x9d",
    "\xe4\xbb\x9e",
    "\xe4\xbb\x9f",
    "\xe4\xbb\xa1",
    "\xe4\xbb\xa3",
    "\xe4\xbb\xa4",
    "\xe4\xbb\xa5",
    "\xe4\xbb\xa8",
    "\xe4\xbb\xaa",
    "\xe4\xbb\xac",
    "\xe4\xbb\xb0",
    "\xe4\xbb\xb2",
    "\xe4\xbb\xb6",
    "\xe4\xbb\xb7",
    "\xe4\xbb\xba",
    "\xe4\xbb\xbb",
    "\xe4\xbb\xbd",
    "\xe4\xbb\xbf",
    "\xe4\xbc\x81",
    "\xe4\xbc\x88",
    "\xe4\xbc\x89",
    "\xe4\xbc\x8a",
    "\xe4\xbc\x8d",
    "\xe4\xbc\x8e",
    "\xe4\xbc\x8f",
    "\xe4\xbc\x90",
    "\xe4\xbc\x91",
    "\xe4\xbc\x97",
    "\xe4\xbc\x98",
    "\xe4\xbc\x99",
    "\xe4\xbc\x9a",
    "\xe4\xbc\x9e",
    "\xe4\xbc\x9f",
    "\xe4\xbc\xa0",
    "\xe4\xbc\xa4",
    "\xe4\xbc\xa6",
    "\xe4\xbc\xaa",
    "\xe4\xbc\xab",
    "\xe4\xbc\xaf",
    "\xe4\xbc\xb0",
    "\xe4\xbc\xb1",
    "\xe4\xbc\xb4",
    "\xe4\xbc\xb6",
    "\xe4\xbc\xb8",
    "\xe4\xbc\xba",
    "\xe4\xbc\xbc",
    "\xe4\xbc\xbd",
    "\xe4\xbd\x83",
    "\xe4\xbd\x86",
    "\xe4\xbd\x8d",
    "\xe4\xbd\x8e",
    "\xe4\xbd\x8f",
    "\xe4\xbd\x90",
    "\xe4\xbd\x91",
    "\xe4\xbd\x93",
    "\xe4\xbd\x95",
    "\xe4\xbd\x97",
    "\xe4\xbd\x98",
    "\xe4\xbd\x99",
    "\xe4\xbd\x9a",
    "\xe4\xbd\x9b",
    "\xe4\xbd\x9c",
    "\xe4\xbd\x9d",
    "\xe4\xbd\x9e",
    "\xe4\xbd\x9f",
    "\xe4\xbd\xa0",
    "\xe4\xbd\xa3",
    "\xe4\xbd\xa4",
    "\xe4\xbd\xa7",
    "\xe4\xbd\xa9",
    "\xe4\xbd\xac",
    "\xe4\xbd\xaf",
    "\xe4\xbd\xb0",
    "\xe4\xbd\xb3",
    "\xe4\xbd\xb6",
    "\xe4\xbd\xbc",
    "\xe4\xbd\xbf",
    "\xe4\xbe\x83",
    "\xe4\xbe\x84",
    "\xe4\xbe\x86",
    "\xe4\xbe\x88",
    "\xe4\xbe\x8b",
    "\xe4\xbe\x8d",
    "\xe4\xbe\x8f",
    "\xe4\xbe\x91",
    "\xe4\xbe\x97",
    "\xe4\xbe\x9b",
    "\xe4\xbe\x9d",
    "\xe4\xbe\xa0",
    "\xe4\xbe\xa3",
    "\xe4\xbe\xa5",
    "\xe4\xbe\xa6",
    "\xe4\xbe\xa7",
    "\xe4\xbe\xa8",
    "\xe4\xbe\xa9",
    "\xe4\xbe\xac",
    "\xe4\xbe\xae",
    "\xe4\xbe\xaf",
    "\xe4\xbe\xb5",
    "\xe4\xbe\xbf",
    "\xe4\xbf\x82",
    "\xe4\xbf\x83",
    "\xe4\xbf\x84",
    "\xe4\xbf\x8a",
    "\xe4\xbf\x8e",
    "\xe4\xbf\x8f",
    "\xe4\xbf\x90",
    "\xe4\xbf\x91",
    "\xe4\xbf\x97",
    "\xe4\xbf\x98",
    "\xe4\xbf\x9a",
    "\xe4\xbf\x9d",
    "\xe4\xbf\x9e",
    "\xe4\xbf\x9f",
    "\xe4\xbf\xa1",
    "\xe4\xbf\xa8",
    "\xe4\xbf\xa9",
    "\xe4\xbf\xaa",
    "\xe4\xbf\xab",
    "\xe4\xbf\xac",
    "\xe4\xbf\xad",
    "\xe4\xbf\xae",
    "\xe4\xbf\xaf",
    "\xe4\xbf\xb1",
    "\xe4\xbf\xb5",
    "\xe4\xbf\xb8",
    "\xe4\xbf\xba",
    "\xe4\xbf\xbe",
    "\xe5\x80\x86",
    "\xe5\x80\x89",
    "\xe5\x80\x8b",
    "\xe5\x80\x8c",
    "\xe5\x80\x8d",
    "\xe5\x80\x8f",
    "\xe5\x80\x91",
    "\xe5\x80\x92",
    "\xe5\x80\x94",
    "\xe5\x80\x98",
    "\xe5\x80\x99",
    "\xe5\x80\x9a",
    "\xe5\x80\x9c",
    "\xe5\x80\x9f",
    "\xe5\x80\xa1",
    "\xe5\x80\xa6",
    "\xe5\x80\xa9",
    "\xe5\x80\xaa",
    "\xe5\x80\xab",
    "\xe5\x80\xac",
    "\xe5\x80\xad",
    "\xe5\x80\xba",
    "\xe5\x80\xbc",
    "\xe5\x80\xbe",
    "\xe5\x81\x83",
    "\xe5\x81\x87",
    "\xe5\x81\x88",
    "\xe5\x81\x89",
    "\xe5\x81\x8c",
    "\xe5\x81\x8e",
    "\xe5\x81\x8f",
    "\xe5\x81\x95",
    "\xe5\x81\x9a",
    "\xe5\x81\x9c",
    "\xe5\x81\xa5",
    "\xe5\x81\xb6",
    "\xe5\x81\xb7",
    "\xe5\x81\xbb",
    "\xe5\x81\xbd",
    "\xe5\x81\xbf",
    "\xe5\x82\x80",
    "\xe5\x82\x85",
    "\xe5\x82\x88",
    "\xe5\x82\x8d",
    "\xe5\x82\x99",
    "\xe5\x82\xa2",
    "\xe5\x82\xa3",
    "\xe5\x82\xa5",
    "\xe5\x82\xa8",
    "\xe5\x82\xa9",
    "\xe5\x82\xac",
    "\xe5\x82\xb2",
    "\xe5\x82\xb3",
    "\xe5\x82\xb7",
    "\xe5\x82\xbb",
    "\xe5\x83\x8f",
    "\xe5\x83\x91",
    "\xe5\x83\x9a",
    "\xe5\x83\xa7",
    "\xe5\x83\xb3",
    "\xe5\x83\xb5",
    "\xe5\x83\xb9",
    "\xe5\x83\xbb",
    "\xe5\x84\x80",
    "\xe5\x84\x84",
    "\xe5\x84\x8b",
    "\xe5\x84\x92",
    "\xe5\x84\xa1",
    "\xe5\x84\xa5",
    "\xe5\x84\xaa",
    "\xe5\x84\xb1",
    "\xe5\x84\xbf",
    "\xe5\x85\x80",
    "\xe5\x85\x81",
    "\xe5\x85\x83",
    "\xe5\x85\x84",
    "\xe5\x85\x85",
    "\xe5\x85\x86",
    "\xe5\x85\x88",
    "\xe5\x85\x89",
    "\xe5\x85\x8b",
    "\xe5\x85\x8d",
    "\xe5\x85\x91",
    "\xe5\x85\x92",
    "\xe5\x85\x94",
    "\xe5\x85\x96",
    "\xe5\x85\x9a",
    "\xe5\x85\x9c",
    "\xe5\x85\xa2",
    "\xe5\x85\xa5",
    "\xe5\x85\xa7",
    "\xe5\x85\xa8",
    "\xe5\x85\xa9",
    "\xe5\x85\xab",
    "\xe5\x85\xac",
    "\xe5\x85\xad",
    "\xe5\x85\xae",
    "\xe5\x85\xb0",
    "\xe5\x85\xb1",
    "\xe5\x85\xb3",
    "\xe5\x85\xb4",
    "\xe5\x85\xb5",
    "\xe5\x85\xb6",
    "\xe5\x85\xb7",
    "\xe5\x85\xb8",
    "\xe5\x85\xb9",
    "\xe5\x85\xbb",
    "\xe5\x85\xbc",
    "\xe5\x85\xbd",
    "\xe5\x85\xbf",
    "\xe5\x86\x80",
    "\xe5\x86\x85",
    "\xe5\x86\x88",
    "\xe5\x86\x89",
    "\xe5\x86\x8c",
    "\xe5\x86\x8d",
    "\xe5\x86\x8f",
    "\xe5\x86\x92",
    "\xe5\x86\x95",
    "\xe5\x86\x97",
    "\xe5\x86\x99",
    "\xe5\x86\x9a",
    "\xe5\x86\x9b",
    "\xe5\x86\x9c",
    "\xe5\x86\xa0",
    "\xe5\x86\xa2",
    "\xe5\x86\xa4",
    "\xe5\x86\xa5",
    "\xe5\x86\xac",
    "\xe5\x86\xae",
    "\xe5\x86\xaf",
    "\xe5\x86\xb0",
    "\xe5\x86\xb2",
    "\xe5\x86\xb3",
    "\xe5\x86\xb5",
    "\xe5\x86\xb6",
    "\xe5\x86\xb7",
    "\xe5\x86\xbb",
    "\xe5\x86\xbc",
    "\xe5\x86\xbd",
    "\xe5\x87\x80",
    "\xe5\x87\x84",
    "\xe5\x87\x86",
    "\xe5\x87\x87",
    "\xe5\x87\x88",
    "\xe5\x87\x89",
    "\xe5\x87\x8b",
    "\xe5\x87\x8c",
    "\xe5\x87\x8d",
    "\xe5\x87\x8f",
    "\xe5\x87\x91",
    "\xe5\x87\x96",
    "\xe5\x87\x9b",
    "\xe5\x87\x9d",
    "\xe5\x87\xa0",
    "\xe5\x87\xa1",
    "\xe5\x87\xa4",
    "\xe5\x87\xa6",
    "\xe5\x87\xac",
    "\xe5\x87\xad",
    "\xe5\x87\xaf",
    "\xe5\x87\xb0",
    "\xe5\x87\xb1",
    "\xe5\x87\xb3",
    "\xe5\x87\xb6",
    "\xe5\x87\xb8",
    "\xe5\x87\xb9",
    "\xe5\x87\xba",
    "\xe5\x87\xbb",
    "\xe5\x87\xbd",
    "\xe5\x87\xbf",
    "\xe5\x88\x80",
    "\xe5\x88\x81",
    "\xe5\x88\x82",
    "\xe5\x88\x83",
    "\xe5\x88\x86",
    "\xe5\x88\x87",
    "\xe5\x88\x88",
    "\xe5\x88\x8a",
    "\xe5\x88\x8d",
    "\xe5\x88\x91",
    "\xe5\x88\x92",
    "\xe5\x88\x97",
    "\xe5\x88\x98",
    "\xe5\x88\x99",
    "\xe5\x88\x9a",
    "\xe5\x88\x9b",
    "\xe5\x88\x9d",
    "\xe5\x88\xa0",
    "\xe5\x88\xa4",
    "\xe5\x88\xa8",
    "\xe5\x88\xa9",
    "\xe5\x88\xaa",
    "\xe5\x88\xab",
    "\xe5\x88\xae",
    "\xe5\x88\xb0",
    "\xe5\x88\xb6",
    "\xe5\x88\xb7",
    "\xe5\x88\xb8",
    "\xe5\x88\xb9",
    "\xe5\x88\xba",
    "\xe5\x88\xbb",
    "\xe5\x88\xbf",
    "\xe5\x89\x81",
    "\xe5\x89\x82",
    "\xe5\x89\x83",
    "\xe5\x89\x8a",
    "\xe5\x89\x8c",
    "\xe5\x89\x8d",
    "\xe5\x89\x8e",
    "\xe5\x89\x90",
    "\xe5\x89\x91",
    "\xe5\x89\x94",
    "\xe5\x89\x96",
    "\xe5\x89\xa1",
    "\xe5\x89\xa5",
    "\xe5\x89\xa7",
    "\xe5\x89\xa9",
    "\xe5\x89\xaa",
    "\xe5\x89\xaf",
    "\xe5\x89\xb2",
    "\xe5\x89\xb5",
    "\xe5\x89\xbd",
    "\xe5\x89\xbf",
    "\xe5\x8a\x87",
    "\xe5\x8a\x88",
    "\xe5\x8a\x89",
    "\xe5\x8a\x8d",
    "\xe5\x8a\x91",
    "\xe5\x8a\x9b",
    "\xe5\x8a\x9d",
    "\xe5\x8a\x9e",
    "\xe5\x8a\x9f",
    "\xe5\x8a\xa0",
    "\xe5\x8a\xa1",
    "\xe5\x8a\xa3",
    "\xe5\x8a\xa8",
    "\xe5\x8a\xa9",
    "\xe5\x8a\xaa",
    "\xe5\x8a\xab",
    "\xe5\x8a\xad",
    "\xe5\x8a\xb1",
    "\xe5\x8a\xb2",
    "\xe5\x8a\xb3",
    "\xe5\x8a\xb5",
    "\xe5\x8a\xbe",
    "\xe5\x8a\xbf",
    "\xe5\x8b\x81",
    "\xe5\x8b\x83",
    "\xe5\x8b\x85",
    "\xe5\x8b\x87",
    "\xe5\x8b\x89",
    "\xe5\x8b\x8b",
    "\xe5\x8b\x90",
    "\xe5\x8b\x91",
    "\xe5\x8b\x92",
    "\xe5\x8b\x95",
    "\xe5\x8b\x98",
    "\xe5\x8b\x99",
    "\xe5\x8b\x9d",
    "\xe5\x8b\x9f",
    "\xe5\x8b\xa4",
    "\xe5\x8b\xb0",
    "\xe5\x8b\xba",
    "\xe5\x8b\xbe",
    "\xe5\x8b\xbf",
    "\xe5\x8c\x80",
    "\xe5\x8c\x85",
    "\xe5\x8c\x86",
    "\xe5\x8c\x88",
    "\xe5\x8c\x8b",
    "\xe5\x8c\x8d",
    "\xe5\x8c\x90",
    "\xe5\x8c\x95",
    "\xe5\x8c\x96",
    "\xe5\x8c\x97",
    "\xe5\x8c\x99",
    "\xe5\x8c\x9d",
    "\xe5\x8c\xa0",
    "\xe5\x8c\xa1",
    "\xe5\x8c\xa3",
    "\xe5\x8c\xaa",
    "\xe5\x8c\xae",
    "\xe5\x8c\xaf",
    "\xe5\x8c\xb9",
    "\xe5\x8c\xba",
    "\xe5\x8c\xbb",
    "\xe5\x8c\xbe",
    "\xe5\x8c\xbf",
    "\xe5\x8d\x80",
    "\xe5\x8d\x81",
    "\xe5\x8d\x83",
    "\xe5\x8d\x85",
    "\xe5\x8d\x87",
    "\xe5\x8d\x88",
    "\xe5\x8d\x89",
    "\xe5\x8d\x8a",
    "\xe5\x8d\x8e",
    "\xe5\x8d\x8f",
    "\xe5\x8d\x91",
    "\xe5\x8d\x92",
    "\xe5\x8d\x93",
    "\xe5\x8d\x94",
    "\xe5\x8d\x95",
    "\xe5\x8d\x96",
    "\xe5\x8d\x97",
    "\xe5\x8d\x9a",
    "\xe5\x8d\x9c",
    "\xe5\x8d\x9e",
    "\xe5\x8d\x9f",
    "\xe5\x8d\xa0",
    "\xe5\x8d\xa1",
    "\xe5\x8d\xa2",
    "\xe5\x8d\xa4",
    "\xe5\x8d\xa6",
    "\xe5\x8d\xa7",
    "\xe5\x8d\xab",
    "\xe5\x8d\xaf",
    "\xe5\x8d\xb0",
    "\xe5\x8d\xb1",
    "\xe5\x8d\xb3",
    "\xe5\x8d\xb4",
    "\xe5\x8d\xb5",
    "\xe5\x8d\xb7",
    "\xe5\x8d\xb8",
    "\xe5\x8d\xbf",
    "\xe5\x8e\x82",
    "\xe5\x8e\x84",
    "\xe5\x8e\x85",
    "\xe5\x8e\x86",
    "\xe5\x8e\x89",
    "\xe5\x8e\x8b",
    "\xe5\x8e\x8c",
    "\xe5\x8e\x8d",
    "\xe5\x8e\x95",
    "\xe5\x8e\x98",
    "\xe5\x8e\x9a",
    "\xe5\x8e\x9d",
    "\xe5\x8e\x9f",
    "\xe5\x8e\xa2",
    "\xe5\x8e\xa5",
    "\xe5\x8e\xa6",
    "\xe5\x8e\xa8",
    "\xe5\x8e\xa9",
    "\xe5\x8e\xae",
    "\xe5\x8e\xbb",
    "\xe5\x8e\xbf",
    "\xe5\x8f\x81",
    "\xe5\x8f\x82",
    "\xe5\x8f\x83",
    "\xe5\x8f\x88",
    "\xe5\x8f\x89",
    "\xe5\x8f\x8a",
    "\xe5\x8f\x8b",
    "\xe5\x8f\x8c",
    "\xe5\x8f\x8d",
    "\xe5\x8f\x91",
    "\xe5\x8f\x94",
    "\xe5\x8f\x96",
    "\xe5\x8f\x97",
    "\xe5\x8f\x98",
    "\xe5\x8f\x99",
    "\xe5\x8f\x9b",
    "\xe5\x8f\x9f",
    "\xe5\x8f\xa0",
    "\xe5\x8f\xa2",
    "\xe5\x8f\xa3",
    "\xe5\x8f\xa4",
    "\xe5\x8f\xa5",
    "\xe5\x8f\xa6",
    "\xe5\x8f\xa8",
    "\xe5\x8f\xa9",
    "\xe5\x8f\xaa",
    "\xe5\x8f\xab",
    "\xe5\x8f\xac",
    "\xe5\x8f\xad",
    "\xe5\x8f\xae",
    "\xe5\x8f\xaf",
    "\xe5\x8f\xb0",
    "\xe5\x8f\xb1",
    "\xe5\x8f\xb2",
    "\xe5\x8f\xb3",
    "\xe5\x8f\xb6",
    "\xe5\x8f\xb7",
    "\xe5\x8f\xb8",
    "\xe5\x8f\xb9",
    "\xe5\x8f\xbb",
    "\xe5\x8f\xbc",
    "\xe5\x8f\xbd",
    "\xe5\x90\x81",
    "\xe5\x90\x83",
    "\xe5\x90\x84",
    "\xe5\x90\x86",
    "\xe5\x90\x88",
    "\xe5\x90\x89",
    "\xe5\x90\x8a",
    "\xe5\x90\x8b",
    "\xe5\x90\x8c",
    "\xe5\x90\x8d",
    "\xe5\x90\x8e",
    "\xe5\x90\x8f",
    "\xe5\x90\x90",
    "\xe5\x90\x91",
    "\xe5\x90\x92",
    "\xe5\x90\x93",
    "\xe5\x90\x95",
    "\xe5\x90\x96",
    "\xe5\x90\x97",
    "\xe5\x90\x9b",
    "\xe5\x90\x9d",
    "\xe5\x90\x9e",
    "\xe5\x90\x9f",
    "\xe5\x90\xa0",
    "\xe5\x90\xa1",
    "\xe5\x90\xa6",
    "\xe5\x90\xa7",
    "\xe5\x90\xa8",
    "\xe5\x90\xa9",
    "\xe5\x90\xab",
    "\xe5\x90\xac",
    "\xe5\x90\xad",
    "\xe5\x90\xae",
    "\xe5\x90\xaf",
    "\xe5\x90\xb1",
    "\xe5\x90\xb2",
    "\xe5\x90\xb4",
    "\xe5\x90\xb5",
    "\xe5\x90\xb8",
    "\xe5\x90\xb9",
    "\xe5\x90\xbb",
    "\xe5\x90\xbc",
    "\xe5\x90\xbe",
    "\xe5\x91\x80",
    "\xe5\x91\x83",
    "\xe5\x91\x86",
    "\xe5\x91\x88",
    "\xe5\x91\x8a",
    "\xe5\x91\x8b",
    "\xe5\x91\x90",
    "\xe5\x91\x93",
    "\xe5\x91\x95",
    "\xe5\x91\x97",
    "\xe5\x91\x98",
    "\xe5\x91\x99",
    "\xe5\x91\x9b",
    "\xe5\x91\x9c",
    "\xe5\x91\xa2",
    "\xe5\x91\xa4",
    "\xe5\x91\xa6",
    "\xe5\x91\xa8",
    "\xe5\x91\xb1",
    "\xe5\x91\xb3",
    "\xe5\x91\xb5",
    "\xe5\x91\xb7",
    "\xe5\x91\xb8",
    "\xe5\x91\xbb",
    "\xe5\x91\xbc",
    "\xe5\x91\xbd",
    "\xe5\x92\x80",
    "\xe5\x92\x82",
    "\xe5\x92\x84",
    "\xe5\x92\x85",
    "\xe5\x92\x86",
    "\xe5\x92\x8b",
    "\xe5\x92\x8c",
    "\xe5\x92\x8e",
    "\xe5\x92\x8f",
    "\xe5\x92\x90",
    "\xe5\x92\x92",
    "\xe5\x92\x94",
    "\xe5\x92\x95",
    "\xe5\x92\x96",
    "\xe5\x92\x99",
    "\xe5\x92\x9a",
    "\xe5\x92\x9b",
    "\xe5\x92\xa3",
    "\xe5\x92\xa4",
    "\xe5\x92\xa6",
    "\xe5\x92\xa7",
    "\xe5\x92\xa8",
    "\xe5\x92\xa9",
    "\xe5\x92\xaa",
    "\xe5\x92\xab",
    "\xe5\x92\xac",
    "\xe5\x92\xad",
    "\xe5\x92\xaf",
    "\xe5\x92\xb1",
    "\xe5\x92\xb3",
    "\xe5\x92\xb8",
    "\xe5\x92\xbb",
    "\xe5\x92\xbd",
    "\xe5\x92\xbf",
    "\xe5\x93\x80",
    "\xe5\x93\x81",
    "\xe5\x93\x84",
    "\xe5\x93\x86",
    "\xe5\x93\x87",
    "\xe5\x93\x88",
    "\xe5\x93\x89",
    "\xe5\x93\x8c",
    "\xe5\x93\x8d",
    "\xe5\x93\x8e",
    "\xe5\x93\x91",
    "\xe5\x93\x92",
    "\xe5\x93\x93",
    "\xe5\x93\x94",
    "\xe5\x93\x97",
    "\xe5\x93\x9a",
    "\xe5\x93\x9d",
    "\xe5\x93\x9e",
    "\xe5\x93\x9f",
    "\xe5\x93\xa1",
    "\xe5\x93\xa5",
    "\xe5\x93\xa6",
    "\xe5\x93\xa7",
    "\xe5\x93\xa8",
    "\xe5\x93\xa9",
    "\xe5\x93\xaa",
    "\xe5\x93\xad",
    "\xe5\x93\xae",
    "\xe5\x93\xb2",
    "\xe5\x93\xba",
    "\xe5\x93\xbc",
    "\xe5\x93\xbd",
    "\xe5\x94\x81",
    "\xe5\x94\x86",
    "\xe5\x94\x87",
    "\xe5\x94\x89",
    "\xe5\x94\x8f",
    "\xe5\x94\x90",
    "\xe5\x94\x91",
    "\xe5\x94\x94",
    "\xe5\x94\x98",
    "\xe5\x94\x9b",
    "\xe5\x94\xa0",
    "\xe5\x94\xa2",
    "\xe5\x94\xa4",
    "\xe5\x94\xa7",
    "\xe5\x94\xac",
    "\xe5\x94\xae",
    "\xe5\x94\xaf",
    "\xe5\x94\xb0",
    "\xe5\x94\xb1",
    "\xe5\x94\xb3",
    "\xe5\x94\xb7",
    "\xe5\x94\xbb",
    "\xe5\x94\xbe",
    "\xe5\x95\x83",
    "\xe5\x95\x84",
    "\xe5\x95\x86",
    "\xe5\x95\x89",
    "\xe5\x95\x8a",
    "\xe5\x95\x8f",
    "\xe5\x95\x93",
    "\xe5\x95\x95",
    "\xe5\x95\x96",
    "\xe5\x95\x9c",
    "\xe5\x95\x9f",
    "\xe5\x95\xa1",
    "\xe5\x95\xa4",
    "\xe5\x95\xa5",
    "\xe5\x95\xa6",
    "\xe5\x95\xa7",
    "\xe5\x95\xaa",
    "\xe5\x95\xab",
    "\xe5\x95\xac",
    "\xe5\x95\xae",
    "\xe5\x95\xb0",
    "\xe5\x95\xb5",
    "\xe5\x95\xb6",
    "\xe5\x95\xb8",
    "\xe5\x95\xbb",
    "\xe5\x95\xbc",
    "\xe5\x95\xbe",
    "\xe5\x96\x80",
    "\xe5\x96\x82",
    "\xe5\x96\x83",
    "\xe5\x96\x84",
    "\xe5\x96\x86",
    "\xe5\x96\x87",
    "\xe5\x96\x89",
    "\xe5\x96\x8a",
    "\xe5\x96\x8b",
    "\xe5\x96\x8f",
    "\xe5\x96\x94",
    "\xe5\x96\x98",
    "\xe5\x96\x99",
    "\xe5\x96\x9c",
    "\xe5\x96\x9d",
    "\xe5\x96\xa7",
    "\xe5\x96\xab",
    "\xe5\x96\xac",
    "\xe5\x96\xae",
    "\xe5\x96\xb0",
    "\xe5\x96\xb1",
    "\xe5\x96\xb3",
    "\xe5\x96\xb5",
    "\xe5\x96\xb7",
    "\xe5\x96\xb9",
    "\xe5\x96\xbb",
    "\xe5\x96\xbd",
    "\xe5\x97\x85",
    "\xe5\x97\x89",
    "\xe5\x97\x91",
    "\xe5\x97\x92",
    "\xe5\x97\x93",
    "\xe5\x97\x94",
    "\xe5\x97\x96",
    "\xe5\x97\x9c",
    "\xe5\x97\x9d",
    "\xe5\x97\x9e",
    "\xe5\x97\x9f",
    "\xe5\x97\xa1",
    "\xe5\x97\xa3",
    "\xe5\x97\xa4",
    "\xe5\x97\xa6",
    "\xe5\x97\xa8",
    "\xe5\x97\xaa",
    "\xe5\x97\xac",
    "\xe5\x97\xae",
    "\xe5\x97\xaf",
    "\xe5\x97\xb2",
    "\xe5\x97\xb3",
    "\xe5\x97\xb7",
    "\xe5\x97\xbd",
    "\xe5\x98\x80",
    "\xe5\x98\x88",
    "\xe5\x98\x89",
    "\xe5\x98\x8c",
    "\xe5\x98\x8e",
    "\xe5\x98\x98",
    "\xe5\x98\x9b",
    "\xe5\x98\x9e",
    "\xe5\x98\x9f",
    "\xe5\x98\xa2",
    "\xe5\x98\xa3",
    "\xe5\x98\xa4",
    "\xe5\x98\xa7",
    "\xe5\x98\xac",
    "\xe5\x98\xb1",
    "\xe5\x98\xb2",
    "\xe5\x98\xb4",
    "\xe5\x98\xb6",
    "\xe5\x98\xb9",
    "\xe5\x98\xbb",
    "\xe5\x98\xbf",
    "\xe5\x99\x8c",
    "\xe5\x99\x8e",
    "\xe5\x99\x97",
    "\xe5\x99\x9c",
    "\xe5\x99\xa2",
    "\xe5\x99\xa4",
    "\xe5\x99\xa8",
    "\xe5\x99\xa9",
    "\xe5\x99\xaa",
    "\xe5\x99\xac",
    "\xe5\x99\xb1",
    "\xe5\x99\xb6",
    "\xe5\x99\xbb",
    "\xe5\x99\xbc",
    "\xe5\x9a\x8e",
    "\xe5\x9a\x8f",
    "\xe5\x9a\x92",
    "\xe5\x9a\x93",
    "\xe5\x9a\x9e",
    "\xe5\x9a\xa3",
    "\xe5\x9a\xb7",
    "\xe5\x9a\xbc",
    "\xe5\x9b\x8a",
    "\xe5\x9b\x8d",
    "\xe5\x9b\x94",
    "\xe5\x9b\x97",
    "\xe5\x9b\x9a",
    "\xe5\x9b\x9b",
    "\xe5\x9b\x9e",
    "\xe5\x9b\x9f",
    "\xe5\x9b\xa0",
    "\xe5\x9b\xa1",
    "\xe5\x9b\xa2",
    "\xe5\x9b\xa4",
    "\xe5\x9b\xad",
    "\xe5\x9b\xb0",
    "\xe5\x9b\xb1",
    "\xe5\x9b\xb4",
    "\xe5\x9b\xb9",
    "\xe5\x9b\xba",
    "\xe5\x9b\xbd",
    "\xe5\x9b\xbe",
    "\xe5\x9b\xbf",
    "\xe5\x9c\x83",
    "\xe5\x9c\x86",
    "\xe5\x9c\x88",
    "\xe5\x9c\x8b",
    "\xe5\x9c\x8d",
    "\xe5\x9c\x92",
    "\xe5\x9c\x96",
    "\xe5\x9c\x97",
    "\xe5\x9c\x98",
    "\xe5\x9c\x9c",
    "\xe5\x9c\x9f",
    "\xe5\x9c\xa3",
    "\xe5\x9c\xa7",
    "\xe5\x9c\xa8",
    "\xe5\x9c\xa9",
    "\xe5\x9c\xad",
    "\xe5\x9c\xb0",
    "\xe5\x9c\xb3",
    "\xe5\x9c\xb9",
    "\xe5\x9c\xba",
    "\xe5\x9c\xbb",
    "\xe5\x9c\xbe",
    "\xe5\x9d\x80",
    "\xe5\x9d\x82",
    "\xe5\x9d\x87",
    "\xe5\x9d\x8a",
    "\xe5\x9d\x8b",
    "\xe5\x9d\x8d",
    "\xe5\x9d\x8e",
    "\xe5\x9d\x8f",
    "\xe5\x9d\x90",
    "\xe5\x9d\x91",
    "\xe5\x9d\x97",
    "\xe5\x9d\x9a",
    "\xe5\x9d\x9b",
    "\xe5\x9d\x9d",
    "\xe5\x9d\x9e",
    "\xe5\x9d\x9f",
    "\xe5\x9d\xa0",
    "\xe5\x9d\xa1",
    "\xe5\x9d\xa4",
    "\xe5\x9d\xa6",
    "\xe5\x9d\xa8",
    "\xe5\x9d\xa9",
    "\xe5\x9d\xaa",
    "\xe5\x9d\xab",
    "\xe5\x9d\xad",
    "\xe5\x9d\xaf",
    "\xe5\x9d\xb3",
    "\xe5\x9d\xb6",
    "\xe5\x9d\xb7",
    "\xe5\x9d\xbb",
    "\xe5\x9e\x82",
    "\xe5\x9e\x83",
    "\xe5\x9e\x84",
    "\xe5\x9e\x8b",
    "\xe5\x9e\x8c",
    "\xe5\x9e\x92",
    "\xe5\x9e\x93",
    "\xe5\x9e\x9a",
    "\xe5\x9e\x9b",
    "\xe5\x9e\x9f",
    "\xe5\x9e\xa0",
    "\xe5\x9e\xa1",
    "\xe5\x9e\xa2",
    "\xe5\x9e\xa3",
    "\xe5\x9e\xa6",
    "\xe5\x9e\xa9",
    "\xe5\x9e\xab",
    "\xe5\x9e\xad",
    "\xe5\x9e\xae",
    "\xe5\x9e\xb8",
    "\xe5\x9f\x82",
    "\xe5\x9f\x83",
    "\xe5\x9f\x8b",
    "\xe5\x9f\x8c",
    "\xe5\x9f\x8e",
    "\xe5\x9f\x94",
    "\xe5\x9f\x95",
    "\xe5\x9f\x97",
    "\xe5\x9f\x9a",
    "\xe5\x9f\x9f",
    "\xe5\x9f\xa0",
    "\xe5\x9f\xad",
    "\xe5\x9f\xb7",
    "\xe5\x9f\xb9",
    "\xe5\x9f\xba",
    "\xe5\xa0\x80",
    "\xe5\xa0\x82",
    "\xe5\xa0\x83",
    "\xe5\xa0\x86",
    "\xe5\xa0\x87",
    "\xe5\xa0\x91",
    "\xe5\xa0\x95",
    "\xe5\xa0\xa1",
    "\xe5\xa0\xa4",
    "\xe5\xa0\xaa",
    "\xe5\xa0\xb0",
    "\xe5\xa0\xb1",
    "\xe5\xa0\xb4",
    "\xe5\xa0\xb5",
    "\xe5\xa0\xb7",
    "\xe5\xa1\x8a",
    "\xe5\xa1\x8c",
    "\xe5\xa1\x8d",
    "\xe5\xa1\x91",
    "\xe5\xa1\x94",
    "\xe5\xa1\x97",
    "\xe5\xa1\x98",
    "\xe5\xa1\x9e",
    "\xe5\xa1\xab",
    "\xe5\xa1\xac",
    "\xe5\xa1\xbe",
    "\xe5\xa2\x83",
    "\xe5\xa2\x85",
    "\xe5\xa2\x89",
    "\xe5\xa2\x8a",
    "\xe5\xa2\x92",
    "\xe5\xa2\x93",
    "\xe5\xa2\x99",
    "\xe5\xa2\x9e",
    "\xe5\xa2\x9f",
    "\xe5\xa2\xa8",
    "\xe5\xa2\xa9",
    "\xe5\xa3\x81",
    "\xe5\xa3\x85",
    "\xe5\xa3\x87",
    "\xe5\xa3\x90",
    "\xe5\xa3\x91",
    "\xe5\xa3\x93",
    "\xe5\xa3\x95",
    "\xe5\xa3\xa4",
    "\xe5\xa3\xab",
    "\xe5\xa3\xac",
    "\xe5\xa3\xae",
    "\xe5\xa3\xb0",
    "\xe5\xa3\xb3",
    "\xe5\xa3\xb4",
    "\xe5\xa3\xb6",
    "\xe5\xa3\xb9",
    "\xe5\xa3\xbd",
    "\xe5\xa4\x80",
    "\xe5\xa4\x84",
    "\xe5\xa4\x86",
    "\xe5\xa4\x87",
    "\xe5\xa4\x8b",
    "\xe5\xa4\x8c",
    "\xe5\xa4\x8d",
    "\xe5\xa4\x8f",
    "\xe5\xa4\x94",
    "\xe5\xa4\x95",
    "\xe5\xa4\x96",
    "\xe5\xa4\x99",
    "\xe5\xa4\x9a",
    "\xe5\xa4\x9c",
    "\xe5\xa4\x9f",
    "\xe5\xa4\xa2",
    "\xe5\xa4\xa5",
    "\xe5\xa4\xa7",
    "\xe5\xa4\xa9",
    "\xe5\xa4\xaa",
    "\xe5\xa4\xab",
    "\xe5\xa4\xac",
    "\xe5\xa4\xad",
    "\xe5\xa4\xae",
    "\xe5\xa4\xaf",
    "\xe5\xa4\xb1",
    "\xe5\xa4\xb4",
    "\xe5\xa4\xb7",
    "\xe5\xa4\xb8",
    "\xe5\xa4\xb9",
    "\xe5\xa4\xba",
    "\xe5\xa5\x82",
    "\xe5\xa5\x84",
    "\xe5\xa5\x87",
    "\xe5\xa5\x88",
    "\xe5\xa5\x89",
    "\xe5\xa5\x8b",
    "\xe5\xa5\x8e",
    "\xe5\xa5\x8f",
    "\xe5\xa5\x91",
    "\xe5\xa5\x93",
    "\xe5\xa5\x94",
    "\xe5\xa5\x95",
    "\xe5\xa5\x96",
    "\xe5\xa5\x97",
    "\xe5\xa5\x98",
    "\xe5\xa5\x9a",
    "\xe5\xa5\xa0",
    "\xe5\xa5\xa2",
    "\xe5\xa5\xa5",
    "\xe5\xa5\xa7",
    "\xe5\xa5\xb3",
    "\xe5\xa5\xb4",
    "\xe5\xa5\xb6",
    "\xe5\xa5\xb8",
    "\xe5\xa5\xb9",
    "\xe5\xa5\xbd",
    "\xe5\xa6\x82",
    "\xe5\xa6\x83",
    "\xe5\xa6\x84",
    "\xe5\xa6\x86",
    "\xe5\xa6\x87",
    "\xe5\xa6\x88",
    "\xe5\xa6\x8a",
    "\xe5\xa6\x8d",
    "\xe5\xa6\x92",
    "\xe5\xa6\x93",
    "\xe5\xa6\x96",
    "\xe5\xa6\x97",
    "\xe5\xa6\x99",
    "\xe5\xa6\x9d",
    "\xe5\xa6\x9e",
    "\xe5\xa6\xa4",
    "\xe5\xa6\xa5",
    "\xe5\xa6\xa8",
    "\xe5\xa6\xa9",
    "\xe5\xa6\xaa",
    "\xe5\xa6\xab",
    "\xe5\xa6\xae",
    "\xe5\xa6\xaf",
    "\xe5\xa6\xb2",
    "\xe5\xa6\xb3",
    "\xe5\xa6\xb9",
    "\xe5\xa6\xbb",
    "\xe5\xa6\xbe",
    "\xe5\xa7\x86",
    "\xe5\xa7\x8a",
    "\xe5\xa7\x8b",
    "\xe5\xa7\x8c",
    "\xe5\xa7\x90",
    "\xe5\xa7\x91",
    "\xe5\xa7\x92",
    "\xe5\xa7\x93",
    "\xe5\xa7\x94",
    "\xe5\xa7\x97",
    "\xe5\xa7\x98",
    "\xe5\xa7\x9a",
    "\xe5\xa7\x9c",
    "\xe5\xa7\x9d",
    "\xe5\xa7\xa3",
    "\xe5\xa7\xa5",
    "\xe5\xa7\xa8",
    "\xe5\xa7\xac",
    "\xe5\xa7\xb9",
    "\xe5\xa7\xbb",
    "\xe5\xa7\xbf",
    "\xe5\xa8\x81",
    "\xe5\xa8\x83",
    "\xe5\xa8\x84",
    "\xe5\xa8\x85",
    "\xe5\xa8\x86",
    "\xe5\xa8\x87",
    "\xe5\xa8\x88",
    "\xe5\xa8\x89",
    "\xe5\xa8\x8c",
    "\xe5\xa8\x91",
    "\xe5\xa8\x93",
    "\xe5\xa8\x98",
    "\xe5\xa8\x9c",
    "\xe5\xa8\x9f",
    "\xe5\xa8\xa0",
    "\xe5\xa8\xa3",
    "\xe5\xa8\xa5",
    "\xe5\xa8\xa9",
    "\xe5\xa8\xb1",
    "\xe5\xa8\xb2",
    "\xe5\xa8\xb4",
    "\xe5\xa8\xb6",
    "\xe5\xa8\xbc",
    "\xe5\xa8\xbd",
    "\xe5\xa9\x80",
    "\xe5\xa9\x86",
    "\xe5\xa9\x89",
    "\xe5\xa9\x8a",
    "\xe5\xa9\x95",
    "\xe5\xa9\x9a",
    "\xe5\xa9\xa2",
    "\xe5\xa9\xa6",
    "\xe5\xa9\xa7",
    "\xe5\xa9\xaa",
    "\xe5\xa9\xb4",
    "\xe5\xa9\xb5",
    "\xe5\xa9\xb6",
    "\xe5\xa9\xb7",
    "\xe5\xa9\xba",
    "\xe5\xa9\xbf",
    "\xe5\xaa\x84",
    "\xe5\xaa\x92",
    "\xe5\xaa\x9a",
    "\xe5\xaa\x9b",
    "\xe5\xaa\xb2",
    "\xe5\xaa\xb3",
    "\xe5\xaa\xbd",
    "\xe5\xaa\xbe",
    "\xe5\xab\x81",
    "\xe5\xab\x82",
    "\xe5\xab\x89",
    "\xe5\xab\x8c",
    "\xe5\xab\x92",
    "\xe5\xab\x94",
    "\xe5\xab\x96",
    "\xe5\xab\x9a",
    "\xe5\xab\xa1",
    "\xe5\xab\xa3",
    "\xe5\xab\xa6",
    "\xe5\xab\xa9",
    "\xe5\xac\x89",
    "\xe5\xac\x97",
    "\xe5\xac\xb0",
    "\xe5\xac\xb4",
    "\xe5\xac\xb7",
    "\xe5\xad\x83",
    "\xe5\xad\x90",
    "\xe5\xad\x91",
    "\xe5\xad\x93",
    "\xe5\xad\x94",
    "\xe5\xad\x95",
    "\xe5\xad\x96",
    "\xe5\xad\x97",
    "\xe5\xad\x98",
    "\xe5\xad\x99",
    "\xe5\xad\x9a",
    "\xe5\xad\x9b",
    "\xe5\xad\x9c",
    "\xe5\xad\x9d",
    "\xe5\xad\x9f",
    "\xe5\xad\xa2",
    "\xe5\xad\xa3",
    "\xe5\xad\xa4",
    "\xe5\xad\xa6",
    "\xe5\xad\xa9",
    "\xe5\xad\xaa",
    "\xe5\xad\xab",
    "\xe5\xad\xac",
    "\xe5\xad\xb0",
    "\xe5\xad\xb3",
    "\xe5\xad\xb5",
    "\xe5\xad\xb8",
    "\xe5\xad\xba",
    "\xe5\xad\xbd",
    "\xe5\xae\x81",
    "\xe5\xae\x83",
    "\xe5\xae\x84",
    "\xe5\xae\x85",
    "\xe5\xae\x87",
    "\xe5\xae\x88",
    "\xe5\xae\x89",
    "\xe5\xae\x8b",
    "\xe5\xae\x8c",
    "\xe5\xae\x8f",
    "\xe5\xae\x93",
    "\xe5\xae\x95",
    "\xe5\xae\x97",
    "\xe5\xae\x98",
    "\xe5\xae\x99",
    "\xe5\xae\x9a",
    "\xe5\xae\x9b",
    "\xe5\xae\x9c",
    "\xe5\xae\x9d",
    "\xe5\xae\x9e",
    "\xe5\xae\xa0",
    "\xe5\xae\xa1",
    "\xe5\xae\xa2",
    "\xe5\xae\xa3",
    "\xe5\xae\xa4",
    "\xe5\xae\xa5",
    "\xe5\xae\xa6",
    "\xe5\xae\xaa",
    "\xe5\xae\xab",
    "\xe5\xae\xb0",
    "\xe5\xae\xb3",
    "\xe5\xae\xb4",
    "\xe5\xae\xb5",
    "\xe5\xae\xb6",
    "\xe5\xae\xb8",
    "\xe5\xae\xb9",
    "\xe5\xae\xbd",
    "\xe5\xae\xbe",
    "\xe5\xae\xbf",
    "\xe5\xaf\x82",
    "\xe5\xaf\x84",
    "\xe5\xaf\x85",
    "\xe5\xaf\x86",
    "\xe5\xaf\x87",
    "\xe5\xaf\x8c",
    "\xe5\xaf\x90",
    "\xe5\xaf\x92",
    "\xe5\xaf\x93",
    "\xe5\xaf\x95",
    "\xe5\xaf\x9d",
    "\xe5\xaf\x9e",
    "\xe5\xaf\x9f",
    "\xe5\xaf\xa1",
    "\xe5\xaf\xa4",
    "\xe5\xaf\xa5",
    "\xe5\xaf\xa6",
    "\xe5\xaf\xa7",
    "\xe5\xaf\xa8",
    "\xe5\xaf\xab",
    "\xe5\xaf\xac",
    "\xe5\xaf\xae",
    "\xe5\xaf\xb0",
    "\xe5\xaf\xb3",
    "\xe5\xaf\xb5",
    "\xe5\xaf\xb6",
    "\xe5\xaf\xb8",
    "\xe5\xaf\xb9",
    "\xe5\xaf\xba",
    "\xe5\xaf\xbb",
    "\xe5\xaf\xbc",
    "\xe5\xaf\xbe",
    "\xe5\xaf\xbf",
    "\xe5\xb0\x81",
    "\xe5\xb0\x82",
    "\xe5\xb0\x83",
    "\xe5\xb0\x84",
    "\xe5\xb0\x86",
    "\xe5\xb0\x87",
    "\xe5\xb0\x88",
    "\xe5\xb0\x89",
    "\xe5\xb0\x8a",
    "\xe5\xb0\x8d",
    "\xe5\xb0\x8e",
    "\xe5\xb0\x8f",
    "\xe5\xb0\x91",
    "\xe5\xb0\x93",
    "\xe5\xb0\x94",
    "\xe5\xb0\x95",
    "\xe5\xb0\x96",
    "\xe5\xb0\x98",
    "\xe5\xb0\x99",
    "\xe5\xb0\x9a",
    "\xe5\xb0\x9d",
    "\xe5\xb0\xa4",
    "\xe5\xb0\xa7",
    "\xe5\xb0\xac",
    "\xe5\xb0\xb1",
    "\xe5\xb0\xb4",
    "\xe5\xb0\xb7",
    "\xe5\xb0\xb8",
    "\xe5\xb0\xb9",
    "\xe5\xb0\xba",
    "\xe5\xb0\xbb",
    "\xe5\xb0\xbc",
    "\xe5\xb0\xbd",
    "\xe5\xb0\xbe",
    "\xe5\xb0\xbf",
    "\xe5\xb1\x80",
    "\xe5\xb1\x81",
    "\xe5\xb1\x82",
    "\xe5\xb1\x85",
    "\xe5\xb1\x86",
    "\xe5\xb1\x88",
    "\xe5\xb1\x89",
    "\xe5\xb1\x8a",
    "\xe5\xb1\x8b",
    "\xe5\xb1\x8c",
    "\xe5\xb1\x8e",
    "\xe5\xb1\x8f",
    "\xe5\xb1\x90",
    "\xe5\xb1\x91",
    "\xe5\xb1\x95",
    "\xe5\xb1\x9e",
    "\xe5\xb1\xa0",
    "\xe5\xb1\xa1",
    "\xe5\xb1\xa4",
    "\xe5\xb1\xa5",
    "\xe5\xb1\xaf",
    "\xe5\xb1\xb1",
    "\xe5\xb1\xb9",
    "\xe5\xb1\xbf",
    "\xe5\xb2\x81",
    "\xe5\xb2\x82",
    "\xe5\xb2\x8c",
    "\xe5\xb2\x90",
    "\xe5\xb2\x91",
    "\xe5\xb2\x94",
    "\xe5\xb2\x96",
    "\xe5\xb2\x97",
    "\xe5\xb2\x98",
    "\xe5\xb2\x99",
    "\xe5\xb2\x9a",
    "\xe5\xb2\x9b",
    "\xe5\xb2\xa2",
    "\xe5\xb2\xa9",
    "\xe5\xb2\xab",
    "\xe5\xb2\xad",
    "\xe5\xb2\xb1",
    "\xe5\xb2\xb3",
    "\xe5\xb2\xb7",
    "\xe5\xb2\xb8",
    "\xe5\xb2\xbd",
    "\xe5\xb2\xbf",
    "\xe5\xb3\x81",
    "\xe5\xb3\x84",
    "\xe5\xb3\x8b",
    "\xe5\xb3\x92",
    "\xe5\xb3\x99",
    "\xe5\xb3\xa1",
    "\xe5\xb3\xa4",
    "\xe5\xb3\xa5",
    "\xe5\xb3\xa6",
    "\xe5\xb3\xa8",
    "\xe5\xb3\xa9",
    "\xe5\xb3\xaa",
    "\xe5\xb3\xad",
    "\xe5\xb3\xaf",
    "\xe5\xb3\xb0",
    "\xe5\xb3\xb6",
    "\xe5\xb3\xbb",
    "\xe5\xb4\x82",
    "\xe5\xb4\x83",
    "\xe5\xb4\x86",
    "\xe5\xb4\x87",
    "\xe5\xb4\x8b",
    "\xe5\xb4\x8e",
    "\xe5\xb4\x94",
    "\xe5\xb4\x96",
    "\xe5\xb4\x9b",
    "\xe5\xb4\xa4",
    "\xe5\xb4\xa7",
    "\xe5\xb4\xa9",
    "\xe5\xb4\xac",
    "\xe5\xb4\xad",
    "\xe5\xb4\xae",
    "\xe5\xb4\xb4",
    "\xe5\xb4\xbd",
    "\xe5\xb5\x87",
    "\xe5\xb5\x8a",
    "\xe5\xb5\x8b",
    "\xe5\xb5\x8c",
    "\xe5\xb5\x90",
    "\xe5\xb5\x98",
    "\xe5\xb5\xa9",
    "\xe5\xb5\xac",
    "\xe5\xb5\xaf",
    "\xe5\xb6\x82",
    "\xe5\xb6\x99",
    "\xe5\xb6\xaa",
    "\xe5\xb6\xba",
    "\xe5\xb6\xbd",
    "\xe5\xb7\x85",
    "\xe5\xb7\x8d",
    "\xe5\xb7\x9d",
    "\xe5\xb7\x9e",
    "\xe5\xb7\xa1",
    "\xe5\xb7\xa2",
    "\xe5\xb7\xa5",
    "\xe5\xb7\xa6",
    "\xe5\xb7\xa7",
    "\xe5\xb7\xa8",
    "\xe5\xb7\xa9",
    "\xe5\xb7\xab",
    "\xe5\xb7\xae",
    "\xe5\xb7\xaf",
    "\xe5\xb7\xb1",
    "\xe5\xb7\xb2",
    "\xe5\xb7\xb3",
    "\xe5\xb7\xb4",
    "\xe5\xb7\xb7",
    "\xe5\xb7\xbd",
    "\xe5\xb7\xbe",
    "\xe5\xb8\x81",
    "\xe5\xb8\x82",
    "\xe5\xb8\x83",
    "\xe5\xb8\x85",
    "\xe5\xb8\x86",
    "\xe5\xb8\x88",
    "\xe5\xb8\x8c",
    "\xe5\xb8\x8f",
    "\xe5\xb8\x90",
    "\xe5\xb8\x91",
    "\xe5\xb8\x95",
    "\xe5\xb8\x96",
    "\xe5\xb8\x98",
    "\xe5\xb8\x9a",
    "\xe5\xb8\x9b",
    "\xe5\xb8\x9c",
    "\xe5\xb8\x9d",
    "\xe5\xb8\xa5",
    "\xe5\xb8\xa6",
    "\xe5\xb8\xa7",
    "\xe5\xb8\xab",
    "\xe5\xb8\xad",
    "\xe5\xb8\xae",
    "\xe5\xb8\xaf",
    "\xe5\xb8\xb0",
    "\xe5\xb8\xb6",
    "\xe5\xb8\xb7",
    "\xe5\xb8\xb8",
    "\xe5\xb8\xbc",
    "\xe5\xb8\xbd",
    "\xe5\xb9\x82",
    "\xe5\xb9\x84",
    "\xe5\xb9\x85",
    "\xe5\xb9\x8c",
    "\xe5\xb9\x94",
    "\xe5\xb9\x95",
    "\xe5\xb9\x9a",
    "\xe5\xb9\x9b",
    "\xe5\xb9\xa1",
    "\xe5\xb9\xa2",
    "\xe5\xb9\xb2",
    "\xe5\xb9\xb3",
    "\xe5\xb9\xb4",
    "\xe5\xb9\xb6",
    "\xe5\xb9\xb8",
    "\xe5\xb9\xb9",
    "\xe5\xb9\xba",
    "\xe5\xb9\xbb",
    "\xe5\xb9\xbc",
    "\xe5\xb9\xbd",
    "\xe5\xb9\xbf",
    "\xe5\xba\x84",
    "\xe5\xba\x86",
    "\xe5\xba\x87",
    "\xe5\xba\x8a",
    "\xe5\xba\x8f",
    "\xe5\xba\x90",
    "\xe5\xba\x93",
    "\xe5\xba\x94",
    "\xe5\xba\x95",
    "\xe5\xba\x96",
    "\xe5\xba\x97",
    "\xe5\xba\x99",
    "\xe5\xba\x9a",
    "\xe5\xba\x9c",
    "\xe5\xba\x9e",
    "\xe5\xba\x9f",
    "\xe5\xba\xa0",
    "\xe5\xba\xa5",
    "\xe5\xba\xa6",
    "\xe5\xba\xa7",
    "\xe5\xba\xab",
    "\xe5\xba\xad",
    "\xe5\xba\xb5",
    "\xe5\xba\xb6",
    "\xe5\xba\xb7",
    "\xe5\xba\xb8",
    "\xe5\xba\xb9",
    "\xe5\xba\xbe",
    "\xe5\xbb\x89",
    "\xe5\xbb\x8a",
    "\xe5\xbb\x93",
    "\xe5\xbb\x96",
    "\xe5\xbb\x9a",
    "\xe5\xbb\xa0",
    "\xe5\xbb\xa3",
    "\xe5\xbb\xb0",
    "\xe5\xbb\xb3",
    "\xe5\xbb\xb6",
    "\xe5\xbb\xb7",
    "\xe5\xbb\xba",
    "\xe5\xbb\xbf",
    "\xe5\xbc\x80",
    "\xe5\xbc\x82",
    "\xe5\xbc\x83",
    "\xe5\xbc\x84",
    "\xe5\xbc\x88",
    "\xe5\xbc\x8a",
    "\xe5\xbc\x8b",
    "\xe5\xbc\x8d",
    "\xe5\xbc\x8f",
    "\xe5\xbc\x91",
    "\xe5\xbc\x93",
    "\xe5\xbc\x95",
    "\xe5\xbc\x97",
    "\xe5\xbc\x98",
    "\xe5\xbc\x9b",
    "\xe5\xbc\x9f",
    "\xe5\xbc\xa0",
    "\xe5\xbc\xa5",
    "\xe5\xbc\xa6",
    "\xe5\xbc\xa7",
    "\xe5\xbc\xa9",
    "\xe5\xbc\xad",
    "\xe5\xbc\xaf",
    "\xe5\xbc\xb1",
    "\xe5\xbc\xb5",
    "\xe5\xbc\xb7",
    "\xe5\xbc\xb9",
    "\xe5\xbc\xba",
    "\xe5\xbc\xbc",
    "\xe5\xbd\x88",
    "\xe5\xbd\x90",
    "\xe5\xbd\x92",
    "\xe5\xbd\x93",
    "\xe5\xbd\x95",
    "\xe5\xbd\x97",
    "\xe5\xbd\x9d",
    "\xe5\xbd\xa2",
    "\xe5\xbd\xa4",
    "\xe5\xbd\xa6",
    "\xe5\xbd\xa7",
    "\xe5\xbd\xa9",
    "\xe5\xbd\xaa",
    "\xe5\xbd\xac",
    "\xe5\xbd\xad",
    "\xe5\xbd\xb0",
    "\xe5\xbd\xb1",
    "\xe5\xbd\xb3",
    "\xe5\xbd\xb7",
    "\xe5\xbd\xb9",
    "\xe5\xbd\xbb",
    "\xe5\xbd\xbc",
    "\xe5\xbe\x80",
    "\xe5\xbe\x81",
    "\xe5\xbe\x84",
    "\xe5\xbe\x85",
    "\xe5\xbe\x87",
    "\xe5\xbe\x88",
    "\xe5\xbe\x89",
    "\xe5\xbe\x8a",
    "\xe5\xbe\x8b",
    "\xe5\xbe\x8c",
    "\xe5\xbe\x90",
    "\xe5\xbe\x92",
    "\xe5\xbe\x95",
    "\xe5\xbe\x97",
    "\xe5\xbe\x98",
    "\xe5\xbe\x99",
    "\xe5\xbe\x9c",
    "\xe5\xbe\xa1",
    "\xe5\xbe\xa8",
    "\xe5\xbe\xa9",
    "\xe5\xbe\xaa",
    "\xe5\xbe\xae",
    "\xe5\xbe\xb3",
    "\xe5\xbe\xb5",
    "\xe5\xbe\xb7",
    "\xe5\xbe\xb9",
    "\xe5\xbe\xbd",
    "\xe5\xbf\x83",
    "\xe5\xbf\x85",
    "\xe5\xbf\x86",
    "\xe5\xbf\x8c",
    "\xe5\xbf\x8d",
    "\xe5\xbf\x8f",
    "\xe5\xbf\x90",
    "\xe5\xbf\x91",
    "\xe5\xbf\x92",
    "\xe5\xbf\x96",
    "\xe5\xbf\x97",
    "\xe5\xbf\x98",
    "\xe5\xbf\x99",
    "\xe5\xbf\x9c",
    "\xe5\xbf\xa0",
    "\xe5\xbf\xa1",
    "\xe5\xbf\xa7",
    "\xe5\xbf\xab",
    "\xe5\xbf\xb1",
    "\xe5\xbf\xb5",
    "\xe5\xbf\xbb",
    "\xe5\xbf\xbd",
    "\xe5\xbf\xbf",
    "\xe6\x80\x80",
    "\xe6\x80\x81",
    "\xe6\x80\x82",
    "\xe6\x80\x85",
    "\xe6\x80\x86",
    "\xe6\x80\x8e",
    "\xe6\x80\x8f",
    "\xe6\x80\x92",
    "\xe6\x80\x94",
    "\xe6\x80\x95",
    "\xe6\x80\x96",
    "\xe6\x80\x9c",
    "\xe6\x80\x9d",
    "\xe6\x80\xa0",
    "\xe6\x80\xa1",
    "\xe6\x80\xa5",
    "\xe6\x80\xa6",
    "\xe6\x80\xa7",
    "\xe6\x80\xa8",
    "\xe6\x80\xaa",
    "\xe6\x80\xaf",
    "\xe6\x80\xbb",
    "\xe6\x81\x82",
    "\xe6\x81\x83",
    "\xe6\x81\x8b",
    "\xe6\x81\x8d",
    "\xe6\x81\x90",
    "\xe6\x81\x92",
    "\xe6\x81\x95",
    "\xe6\x81\x99",
    "\xe6\x81\xa2",
    "\xe6\x81\xa3",
    "\xe6\x81\xa4",
    "\xe6\x81\xa8",
    "\xe6\x81\xa9",
    "\xe6\x81\xaa",
    "\xe6\x81\xac",
    "\xe6\x81\xad",
    "\xe6\x81\xaf",
    "\xe6\x81\xb0",
    "\xe6\x81\xb3",
    "\xe6\x81\xb6",
    "\xe6\x81\xb8",
    "\xe6\x81\xb9",
    "\xe6\x81\xba",
    "\xe6\x81\xbb",
    "\xe6\x81\xbc",
    "\xe6\x81\xbd",
    "\xe6\x81\xbf",
    "\xe6\x82\x84",
    "\xe6\x82\x85",
    "\xe6\x82\x89",
    "\xe6\x82\x8c",
    "\xe6\x82\x8d",
    "\xe6\x82\x94",
    "\xe6\x82\x96",
    "\xe6\x82\x9a",
    "\xe6\x82\x9f",
    "\xe6\x82\xa0",
    "\xe6\x82\xa3",
    "\xe6\x82\xa6",
    "\xe6\x82\xa8",
    "\xe6\x82\xac",
    "\xe6\x82\xaf",
    "\xe6\x82\xb1",
    "\xe6\x82\xb2",
    "\xe6\x82\xb4",
    "\xe6\x82\xb5",
    "\xe6\x82\xb6",
    "\xe6\x82\xb8",
    "\xe6\x82\xbb",
    "\xe6\x82\xbc",
    "\xe6\x83\x85",
    "\xe6\x83\x86",
    "\xe6\x83\x8a",
    "\xe6\x83\x8b",
    "\xe6\x83\x91",
    "\xe6\x83\x95",
    "\xe6\x83\x98",
    "\xe6\x83\x9a",
    "\xe6\x83\x9c",
    "\xe6\x83\x9f",
    "\xe6\x83\xa0",
    "\xe6\x83\xa6",
    "\xe6\x83\xa7",
    "\xe6\x83\xa8",
    "\xe6\x83\xa9",
    "\xe6\x83\xab",
    "\xe6\x83\xac",
    "\xe6\x83\xad",
    "\xe6\x83\xae",
    "\xe6\x83\xaf",
    "\xe6\x83\xb0",
    "\xe6\x83\xb3",
    "\xe6\x83\xb4",
    "\xe6\x83\xb6",
    "\xe6\x83\xb9",
    "\xe6\x83\xba",
    "\xe6\x84\x81",
    "\xe6\x84\x88",
    "\xe6\x84\x89",
    "\xe6\x84\x8f",
    "\xe6\x84\x95",
    "\xe6\x84\x9a",
    "\xe6\x84\x9b",
    "\xe6\x84\x9f",
    "\xe6\x84\xa3",
    "\xe6\x84\xa4",
    "\xe6\x84\xa7",
    "\xe6\x84\xab",
    "\xe6\x84\xbf",
    "\xe6\x85\x88",
    "\xe6\x85\x8b",
    "\xe6\x85\x8c",
    "\xe6\x85\x8e",
    "\xe6\x85\x91",
    "\xe6\x85\x95",
    "\xe6\x85\xa2",
    "\xe6\x85\xa7",
    "\xe6\x85\xa8",
    "\xe6\x85\xb0",
    "\xe6\x85\xb5",
    "\xe6\x85\xb6",
    "\xe6\x85\xb7",
    "\xe6\x86\x8b",
    "\xe6\x86\x8e",
    "\xe6\x86\x94",
    "\xe6\x86\xa7",
    "\xe6\x86\xa8",
    "\xe6\x86\xa9",
    "\xe6\x86\xac",
    "\xe6\x86\xb6",
    "\xe6\x86\xbe",
    "\xe6\x87\x82",
    "\xe6\x87\x88",
    "\xe6\x87\x89",
    "\xe6\x87\x8a",
    "\xe6\x87\x8b",
    "\xe6\x87\x92",
    "\xe6\x87\xa6",
    "\xe6\x87\xb5",
    "\xe6\x87\xb7",
    "\xe6\x87\xbf",
    "\xe6\x88\x80",
    "\xe6\x88\x88",
    "\xe6\x88\x8a",
    "\xe6\x88\x8b",
    "\xe6\x88\x8c",
    "\xe6\x88\x8d",
    "\xe6\x88\x8e",
    "\xe6\x88\x8f",
    "\xe6\x88\x90",
    "\xe6\x88\x91",
    "\xe6\x88\x92",
    "\xe6\x88\x96",
    "\xe6\x88\x98",
    "\xe6\x88\x9a",
    "\xe6\x88\x9b",
    "\xe6\x88\x9f",
    "\xe6\x88\xa2",
    "\xe6\x88\xaa",
    "\xe6\x88\xac",
    "\xe6\x88\xae",
    "\xe6\x88\xb3",
    "\xe6\x88\xb4",
    "\xe6\x88\xb6",
    "\xe6\x88\xb7",
    "\xe6\x88\xbe",
    "\xe6\x88\xbf",
    "\xe6\x89\x80",
    "\xe6\x89\x81",
    "\xe6\x89\x87",
    "\xe6\x89\x88",
    "\xe6\x89\x89",
    "\xe6\x89\x8b",
    "\xe6\x89\x8d",
    "\xe6\x89\x8e",
    "\xe6\x89\x91",
    "\xe6\x89\x92",
    "\xe6\x89\x93",
    "\xe6\x89\x94",
    "\xe6\x89\x98",
    "\xe6\x89\x99",
    "\xe6\x89\x9b",
    "\xe6\x89\x9e",
    "\xe6\x89\xa3",
    "\xe6\x89\xa6",
    "\xe6\x89\xa7",
    "\xe6\x89\xa9",
    "\xe6\x89\xaa",
    "\xe6\x89\xab",
    "\xe6\x89\xac",
    "\xe6\x89\xad",
    "\xe6\x89\xae",
    "\xe6\x89\xaf",
    "\xe6\x89\xb0",
    "\xe6\x89\xb3",
    "\xe6\x89\xb6",
    "\xe6\x89\xb9",
    "\xe6\x89\xbc",
    "\xe6\x89\xbe",
    "\xe6\x89\xbf",
    "\xe6\x8a\x80",
    "\xe6\x8a\x84",
    "\xe6\x8a\x89",
    "\xe6\x8a\x8a",
    "\xe6\x8a\x91",
    "\xe6\x8a\x92",
    "\xe6\x8a\x93",
    "\xe6\x8a\x95",
    "\xe6\x8a\x96",
    "\xe6\x8a\x97",
    "\xe6\x8a\x98",
    "\xe6\x8a\x9a",
    "\xe6\x8a\x9b",
    "\xe6\x8a\xa0",
    "\xe6\x8a\xa1",
    "\xe6\x8a\xa2",
    "\xe6\x8a\xa4",
    "\xe6\x8a\xa5",
    "\xe6\x8a\xa8",
    "\xe6\x8a\xab",
    "\xe6\x8a\xac",
    "\xe6\x8a\xb1",
    "\xe6\x8a\xb5",
    "\xe6\x8a\xb9",
    "\xe6\x8a\xbb",
    "\xe6\x8a\xbc",
    "\xe6\x8a\xbd",
    "\xe6\x8a\xbf",
    "\xe6\x8b\x82",
    "\xe6\x8b\x84",
    "\xe6\x8b\x85",
    "\xe6\x8b\x86",
    "\xe6\x8b\x87",
    "\xe6\x8b\x88",
    "\xe6\x8b\x89",
    "\xe6\x8b\x8c",
    "\xe6\x8b\x8d",
    "\xe6\x8b\x8e",
    "\xe6\x8b\x90",
    "\xe6\x8b\x92",
    "\xe6\x8b\x93",
    "\xe6\x8b\x94",
    "\xe6\x8b\x96",
    "\xe6\x8b\x97",
    "\xe6\x8b\x98",
    "\xe6\x8b\x99",
    "\xe6\x8b\x9a",
    "\xe6\x8b\x9b",
    "\xe6\x8b\x9c",
    "\xe6\x8b\x9f",
    "\xe6\x8b\xa2",
    "\xe6\x8b\xa3",
    "\xe6\x8b\xa5",
    "\xe6\x8b\xa6",
    "\xe6\x8b\xa7",
    "\xe6\x8b\xa8",
    "\xe6\x8b\xa9",
    "\xe6\x8b\xac",
    "\xe6\x8b\xad",
    "\xe6\x8b\xae",
    "\xe6\x8b\xaf",
    "\xe6\x8b\xb1",
    "\xe6\x8b\xb3",
    "\xe6\x8b\xb4",
    "\xe6\x8b\xb7",
    "\xe6\x8b\xbc",
    "\xe6\x8b\xbd",
    "\xe6\x8b\xbe",
    "\xe6\x8b\xbf",
    "\xe6\x8c\x81",
    "\xe6\x8c\x82",
    "\xe6\x8c\x87",
    "\xe6\x8c\x89",
    "\xe6\x8c\x8e",
    "\xe6\x8c\x91",
    "\xe6\x8c\x96",
    "\xe6\x8c\x9a",
    "\xe6\x8c\x9b",
    "\xe6\x8c\x9d",
    "\xe6\x8c\x9e",
    "\xe6\x8c\x9f",
    "\xe6\x8c\xa0",
    "\xe6\x8c\xa1",
    "\xe6\x8c\xa3",
    "\xe6\x8c\xa4",
    "\xe6\x8c\xa5",
    "\xe6\x8c\xa8",
    "\xe6\x8c\xaa",
    "\xe6\x8c\xab",
    "\xe6\x8c\xaf",
    "\xe6\x8c\xb2",
    "\xe6\x8c\xba",
    "\xe6\x8c\xbd",
    "\xe6\x8d\x82",
    "\xe6\x8d\x85",
    "\xe6\x8d\x86",
    "\xe6\x8d\x89",
    "\xe6\x8d\x8b",
    "\xe6\x8d\x8c",
    "\xe6\x8d\x8d",
    "\xe6\x8d\x8e",
    "\xe6\x8d\x8f",
    "\xe6\x8d\x90",
    "\xe6\x8d\x95",
    "\xe6\x8d\x9e",
    "\xe6\x8d\x9f",
    "\xe6\x8d\xa1",
    "\xe6\x8d\xa2",
    "\xe6\x8d\xa3",
    "\xe6\x8d\xa7",
    "\xe6\x8d\xae",
    "\xe6\x8d\xb2",
    "\xe6\x8d\xb6",
    "\xe6\x8d\xb7",
    "\xe6\x8d\xba",
    "\xe6\x8d\xbb",
    "\xe6\x8e\x80",
    "\xe6\x8e\x82",
    "\xe6\x8e\x87",
    "\xe6\x8e\x88",
    "\xe6\x8e\x89",
    "\xe6\x8e\x8a",
    "\xe6\x8e\x8c",
    "\xe6\x8e\x8f",
    "\xe6\x8e\x90",
    "\xe6\x8e\x92",
    "\xe6\x8e\x96",
    "\xe6\x8e\x98",
    "\xe6\x8e\xa0",
    "\xe6\x8e\xa2",
    "\xe6\x8e\xa3",
    "\xe6\x8e\xa5",
    "\xe6\x8e\xa7",
    "\xe6\x8e\xa8",
    "\xe6\x8e\xa9",
    "\xe6\x8e\xaa",
    "\xe6\x8e\xac",
    "\xe6\x8e\xb0",
    "\xe6\x8e\xb3",
    "\xe6\x8e\xb4",
    "\xe6\x8e\xb7",
    "\xe6\x8e\xb8",
    "\xe6\x8e\xba",
    "\xe6\x8f\x89",
    "\xe6\x8f\x8d",
    "\xe6\x8f\x8f",
    "\xe6\x8f\x90",
    "\xe6\x8f\x92",
    "\xe6\x8f\x96",
    "\xe6\x8f\x9a",
    "\xe6\x8f\x9b",
    "\xe6\x8f\xa1",
    "\xe6\x8f\xa3",
    "\xe6\x8f\xa9",
    "\xe6\x8f\xaa",
    "\xe6\x8f\xad",
    "\xe6\x8f\xb4",
    "\xe6\x8f\xb8",
    "\xe6\x8f\xbd",
    "\xe6\x90\x80",
    "\xe6\x90\x81",
    "\xe6\x90\x82",
    "\xe6\x90\x85",
    "\xe6\x90\x8d",
    "\xe6\x90\x8f",
    "\xe6\x90\x90",
    "\xe6\x90\x93",
    "\xe6\x90\x94",
    "\xe6\x90\x9c",
    "\xe6\x90\x9e",
    "\xe6\x90\xaa",
    "\xe6\x90\xac",
    "\xe6\x90\xad",
    "\xe6\x90\xb4",
    "\xe6\x90\xba",
    "\xe6\x90\xbd",
    "\xe6\x91\x81",
    "\xe6\x91\x84",
    "\xe6\x91\x86",
    "\xe6\x91\x87",
    "\xe6\x91\x88",
    "\xe6\x91\x8a",
    "\xe6\x91\x92",
    "\xe6\x91\x94",
    "\xe6\x91\x98",
    "\xe6\x91\x9e",
    "\xe6\x91\xa7",
    "\xe6\x91\xa9",
    "\xe6\x91\xb8",
    "\xe6\x91\xb9",
    "\xe6\x92\x82",
    "\xe6\x92\x83",
    "\xe6\x92\x85",
    "\xe6\x92\x87",
    "\xe6\x92\x91",
    "\xe6\x92\x92",
    "\xe6\x92\x95",
    "\xe6\x92\x9e",
    "\xe6\x92\xa4",
    "\xe6\x92\xa9",
    "\xe6\x92\xac",
    "\xe6\x92\xad",
    "\xe6\x92\xae",
    "\xe6\x92\xb0",
    "\xe6\x92\xb5",
    "\xe6\x92\xb7",
    "\xe6\x92\xb8",
    "\xe6\x92\xbb",
    "\xe6\x92\xbc",
    "\xe6\x93\x80",
    "\xe6\x93\x82",
    "\xe6\x93\x85",
    "\xe6\x93\x8d",
    "\xe6\x93\x8e",
    "\xe6\x93\x92",
    "\xe6\x93\x98",
    "\xe6\x93\x9a",
    "\xe6\x93\x9e",
    "\xe6\x93\xa2",
    "\xe6\x93\xa6",
    "\xe6\x94\x80",
    "\xe6\x94\x92",
    "\xe6\x94\x98",
    "\xe6\x94\x9d",
    "\xe6\x94\xa5",
    "\xe6\x94\xab",
    "\xe6\x94\xaf",
    "\xe6\x94\xb6",
    "\xe6\x94\xb8",
    "\xe6\x94\xb9",
    "\xe6\x94\xbb",
    "\xe6\x94\xbe",
    "\xe6\x94\xbf",
    "\xe6\x95\x85",
    "\xe6\x95\x88",
    "\xe6\x95\x8c",
    "\xe6\x95\x8f",
    "\xe6\x95\x91",
    "\xe6\x95\x95",
    "\xe6\x95\x96",
    "\xe6\x95\x99",
    "\xe6\x95\x9b",
    "\xe6\x95\x9d",
    "\xe6\x95\x9e",
    "\xe6\x95\x9f",
    "\xe6\x95\xa2",
    "\xe6\x95\xa3",
    "\xe6\x95\xa6",
    "\xe6\x95\xac",
    "\xe6\x95\xb0",
    "\xe6\x95\xb2",
    "\xe6\x95\xb4",
    "\xe6\x95\xb7",
    "\xe6\x95\xb8",
    "\xe6\x96\x87",
    "\xe6\x96\x8b",
    "\xe6\x96\x8c",
    "\xe6\x96\x90",
    "\xe6\x96\x91",
    "\xe6\x96\x93",
    "\xe6\x96\x97",
    "\xe6\x96\x99",
    "\xe6\x96\x9b",
    "\xe6\x96\x9c",
    "\xe6\x96\x9f",
    "\xe6\x96\xa1",
    "\xe6\x96\xa4",
    "\xe6\x96\xa5",
    "\xe6\x96\xa7",
    "\xe6\x96\xa9",
    "\xe6\x96\xad",
    "\xe6\x96\xaf",
    "\xe6\x96\xb0",
    "\xe6\x96\xb9",
    "\xe6\x96\xbc",
    "\xe6\x96\xbd",
    "\xe6\x97\x81",
    "\xe6\x97\x85",
    "\xe6\x97\x8b",
    "\xe6\x97\x8c",
    "\xe6\x97\x8e",
    "\xe6\x97\x8f",
    "\xe6\x97\x96",
    "\xe6\x97\x97",
    "\xe6\x97\xa0",
    "\xe6\x97\xa2",
    "\xe6\x97\xa5",
    "\xe6\x97\xa6",
    "\xe6\x97\xa7",
    "\xe6\x97\xa8",
    "\xe6\x97\xa9",
    "\xe6\x97\xac",
    "\xe6\x97\xad",
    "\xe6\x97\xae",
    "\xe6\x97\xaf",
    "\xe6\x97\xb1",
    "\xe6\x97\xb6",
    "\xe6\x97\xb7",
    "\xe6\x97\xb8",
    "\xe6\x97\xba",
    "\xe6\x98\x80",
    "\xe6\x98\x82",
    "\xe6\x98\x86",
    "\xe6\x98\x87",
    "\xe6\x98\x8a",
    "\xe6\x98\x8c",
    "\xe6\x98\x8e",
    "\xe6\x98\x8f",
    "\xe6\x98\x93",
    "\xe6\x98\x94",
    "\xe6\x98\x95",
    "\xe6\x98\x99",
    "\xe6\x98\x9d",
    "\xe6\x98\x9f",
    "\xe6\x98\xa0",
    "\xe6\x98\xa5",
    "\xe6\x98\xa7",
    "\xe6\x98\xa8",
    "\xe6\x98\xad",
    "\xe6\x98\xaf",
    "\xe6\x98\xb1",
    "\xe6\x98\xb4",
    "\xe6\x98\xb5",
    "\xe6\x98\xb6",
    "\xe6\x98\xbc",
    "\xe6\x98\xbe",
    "\xe6\x99\x81",
    "\xe6\x99\x82",
    "\xe6\x99\x83",
    "\xe6\x99\x8b",
    "\xe6\x99\x8c",
    "\xe6\x99\x8f",
    "\xe6\x99\x92",
    "\xe6\x99\x93",
    "\xe6\x99\x94",
    "\xe6\x99\x95",
    "\xe6\x99\x96",
    "\xe6\x99\x97",
    "\xe6\x99\x9a",
    "\xe6\x99\x9e",
    "\xe6\x99\x9f",
    "\xe6\x99\xa4",
    "\xe6\x99\xa6",
    "\xe6\x99\xa7",
    "\xe6\x99\xa8",
    "\xe6\x99\xae",
    "\xe6\x99\xaf",
    "\xe6\x99\xb0",
    "\xe6\x99\xb3",
    "\xe6\x99\xb4",
    "\xe6\x99\xb6",
    "\xe6\x99\xb7",
    "\xe6\x99\xba",
    "\xe6\x99\xbe",
    "\xe6\x9a\x82",
    "\xe6\x9a\x83",
    "\xe6\x9a\x84",
    "\xe6\x9a\x87",
    "\xe6\x9a\x91",
    "\xe6\x9a\x96",
    "\xe6\x9a\x97",
    "\xe6\x9a\xa2",
    "\xe6\x9a\xa7",
    "\xe6\x9a\xa8",
    "\xe6\x9a\xae",
    "\xe6\x9a\xb4",
    "\xe6\x9a\xb9",
    "\xe6\x9b\x89",
    "\xe6\x9b\x99",
    "\xe6\x9b\x9c",
    "\xe6\x9b\x9d",
    "\xe6\x9b\xa6",
    "\xe6\x9b\xac",
    "\xe6\x9b\xb0",
    "\xe6\x9b\xb2",
    "\xe6\x9b\xb3",
    "\xe6\x9b\xb4",
    "\xe6\x9b\xb8",
    "\xe6\x9b\xb9",
    "\xe6\x9b\xbc",
    "\xe6\x9b\xbe",
    "\xe6\x9b\xbf",
    "\xe6\x9c\x80",
    "\xe6\x9c\x83",
    "\xe6\x9c\x88",
    "\xe6\x9c\x89",
    "\xe6\x9c\x8b",
    "\xe6\x9c\x8d",
    "\xe6\x9c\x90",
    "\xe6\x9c\x94",
    "\xe6\x9c\x95",
    "\xe6\x9c\x97",
    "\xe6\x9c\x9b",
    "\xe6\x9c\x9d",
    "\xe6\x9c\x9f",
    "\xe6\x9c\xa6",
    "\xe6\x9c\xa8",
    "\xe6\x9c\xaa",
    "\xe6\x9c\xab",
    "\xe6\x9c\xac",
    "\xe6\x9c\xad",
    "\xe6\x9c\xaf",
    "\xe6\x9c\xb1",
    "\xe6\x9c\xb4",
    "\xe6\x9c\xb5",
    "\xe6\x9c\xba",
    "\xe6\x9c\xbd",
    "\xe6\x9c\xbf",
    "\xe6\x9d\x80",
    "\xe6\x9d\x82",
    "\xe6\x9d\x83",
    "\xe6\x9d\x86",
    "\xe6\x9d\x88",
    "\xe6\x9d\x89",
    "\xe6\x9d\x8e",
    "\xe6\x9d\x8f",
    "\xe6\x9d\x90",
    "\xe6\x9d\x91",
    "\xe6\x9d\x96",
    "\xe6\x9d\x9c",
    "\xe6\x9d\x9e",
    "\xe6\x9d\x9f",
    "\xe6\x9d\xa0",
    "\xe6\x9d\xa1",
    "\xe6\x9d\xa5",
    "\xe6\x9d\xa8",
    "\xe6\x9d\xa9",
    "\xe6\x9d\xad",
    "\xe6\x9d\xaf",
    "\xe6\x9d\xb0",
    "\xe6\x9d\xb1",
    "\xe6\x9d\xb2",
    "\xe6\x9d\xb3",
    "\xe6\x9d\xb5",
    "\xe6\x9d\xb7",
    "\xe6\x9d\xbe",
    "\xe6\x9d\xbf",
    "\xe6\x9e\x81",
    "\xe6\x9e\x84",
    "\xe6\x9e\x87",
    "\xe6\x9e\x89",
    "\xe6\x9e\x8b",
    "\xe6\x9e\x90",
    "\xe6\x9e\x95",
    "\xe6\x9e\x97",
    "\xe6\x9e\x9a",
    "\xe6\x9e\x9c",
    "\xe6\x9e\x9d",
    "\xe6\x9e\x9e",
    "\xe6\x9e\xa2",
    "\xe6\x9e\xa3",
    "\xe6\x9e\xaa",
    "\xe6\x9e\xab",
    "\xe6\x9e\xad",
    "\xe6\x9e\xaf",
    "\xe6\x9e\xb0",
    "\xe6\x9e\xb1",
    "\xe6\x9e\xb3",
    "\xe6\x9e\xb6",
    "\xe6\x9e\xb7",
    "\xe6\x9e\xb8",
    "\xe6\x9e\xbc",
    "\xe6\x9f\x84",
    "\xe6\x9f\x8f",
    "\xe6\x9f\x90",
    "\xe6\x9f\x91",
    "\xe6\x9f\x92",
    "\xe6\x9f\x93",
    "\xe6\x9f\x94",
    "\xe6\x9f\x98",
    "\xe6\x9f\x9a",
    "\xe6\x9f\x9c",
    "\xe6\x9f\x9e",
    "\xe6\x9f\xa0",
    "\xe6\x9f\xa5",
    "\xe6\x9f\xa9",
    "\xe6\x9f\xac",
    "\xe6\x9f\xaf",
    "\xe6\x9f\xb1",
    "\xe6\x9f\xb3",
    "\xe6\x9f\xb4",
    "\xe6\x9f\xbf",
    "\xe6\xa0\x80",
    "\xe6\xa0\x85",
    "\xe6\xa0\x87",
    "\xe6\xa0\x88",
    "\xe6\xa0\x89",
    "\xe6\xa0\x8b",
    "\xe6\xa0\x8e",
    "\xe6\xa0\x8f",
    "\xe6\xa0\x91",
    "\xe6\xa0\x93",
    "\xe6\xa0\x96",
    "\xe6\xa0\x97",
    "\xe6\xa0\xa1",
    "\xe6\xa0\xa9",
    "\xe6\xa0\xaa",
    "\xe6\xa0\xb7",
    "\xe6\xa0\xb8",
    "\xe6\xa0\xb9",
    "\xe6\xa0\xbc",
    "\xe6\xa0\xbd",
    "\xe6\xa0\xbe",
    "\xe6\xa1\x80",
    "\xe6\xa1\x81",
    "\xe6\xa1\x82",
    "\xe6\xa1\x83",
    "\xe6\xa1\x85",
    "\xe6\xa1\x86",
    "\xe6\xa1\x88",
    "\xe6\xa1\x89",
    "\xe6\xa1\x8c",
    "\xe6\xa1\x8e",
    "\xe6\xa1\x90",
    "\xe6\xa1\x91",
    "\xe6\xa1\x93",
    "\xe6\xa1\x94",
    "\xe6\xa1\x96",
    "\xe6\xa1\xa0",
    "\xe6\xa1\xa1",
    "\xe6\xa1\xa2",
    "\xe6\xa1\xa3",
    "\xe6\xa1\xa5",
    "\xe6\xa1\xa6",
    "\xe6\xa1\xa7",
    "\xe6\xa1\xa8",
    "\xe6\xa1\xa9",
    "\xe6\xa1\xb6",
    "\xe6\xa1\xb7",
    "\xe6\xa1\xbc",
    "\xe6\xa2\x81",
    "\xe6\xa2\x85",
    "\xe6\xa2\x86",
    "\xe6\xa2\x8f",
    "\xe6\xa2\x93",
    "\xe6\xa2\x97",
    "\xe6\xa2\x9d",
    "\xe6\xa2\xa2",
    "\xe6\xa2\xa6",
    "\xe6\xa2\xa7",
    "\xe6\xa2\xa8",
    "\xe6\xa2\xad",
    "\xe6\xa2\xaf",
    "\xe6\xa2\xb0",
    "\xe6\xa2\xb3",
    "\xe6\xa2\xb5",
    "\xe6\xa3\x80",
    "\xe6\xa3\x89",
    "\xe6\xa3\x8b",
    "\xe6\xa3\x8d",
    "\xe6\xa3\x92",
    "\xe6\xa3\x95",
    "\xe6\xa3\x98",
    "\xe6\xa3\x9a",
    "\xe6\xa3\x9b",
    "\xe6\xa3\x9f",
    "\xe6\xa3\xa0",
    "\xe6\xa3\xa3",
    "\xe6\xa3\xae",
    "\xe6\xa3\xb0",
    "\xe6\xa3\xb1",
    "\xe6\xa3\xb5",
    "\xe6\xa3\xba",
    "\xe6\xa3\xbd",
    "\xe6\xa4\x81",
    "\xe6\xa4\x85",
    "\xe6\xa4\x8b",
    "\xe6\xa4\x8d",
    "\xe6\xa4\x8e",
    "\xe6\xa4\x90",
    "\xe6\xa4\x92",
    "\xe6\xa4\xa4",
    "\xe6\xa4\xad",
    "\xe6\xa4\xb0",
    "\xe6\xa4\xb4",
    "\xe6\xa4\xb9",
    "\xe6\xa4\xbd",
    "\xe6\xa4\xbf",
    "\xe6\xa5\x82",
    "\xe6\xa5\x8a",
    "\xe6\xa5\x93",
    "\xe6\xa5\x94",
    "\xe6\xa5\x97",
    "\xe6\xa5\x9a",
    "\xe6\xa5\x9d",
    "\xe6\xa5\x9e",
    "\xe6\xa5\xa0",
    "\xe6\xa5\xa3",
    "\xe6\xa5\xa6",
    "\xe6\xa5\xad",
    "\xe6\xa5\xb5",
    "\xe6\xa5\xb7",
    "\xe6\xa5\xb8",
    "\xe6\xa5\xb9",
    "\xe6\xa5\xbc",
    "\xe6\xa5\xbd",
    "\xe6\xa5\xbf",
    "\xe6\xa6\x82",
    "\xe6\xa6\x84",
    "\xe6\xa6\x86",
    "\xe6\xa6\x88",
    "\xe6\xa6\x89",
    "\xe6\xa6\x94",
    "\xe6\xa6\x95",
    "\xe6\xa6\x9b",
    "\xe6\xa6\x9c",
    "\xe6\xa6\x9e",
    "\xe6\xa6\xa7",
    "\xe6\xa6\xa8",
    "\xe6\xa6\xab",
    "\xe6\xa6\xad",
    "\xe6\xa6\xae",
    "\xe6\xa6\xb4",
    "\xe6\xa6\xb7",
    "\xe6\xa6\xbb",
    "\xe6\xa7\x8b",
    "\xe6\xa7\x8c",
    "\xe6\xa7\x8e",
    "\xe6\xa7\x90",
    "\xe6\xa7\x98",
    "\xe6\xa7\x9b",
    "\xe6\xa7\x9f",
    "\xe6\xa7\xb2",
    "\xe6\xa7\xbd",
    "\xe6\xa7\xbf",
    "\xe6\xa8\x82",
    "\xe6\xa8\x8a",
    "\xe6\xa8\x93",
    "\xe6\xa8\x99",
    "\xe6\xa8\x9f",
    "\xe6\xa8\xa1",
    "\xe6\xa8\xa3",
    "\xe6\xa8\xa8",
    "\xe6\xa8\xaa",
    "\xe6\xa8\xb1",
    "\xe6\xa8\xb5",
    "\xe6\xa8\xb8",
    "\xe6\xa8\xb9",
    "\xe6\xa8\xbd",
    "\xe6\xa8\xbe",
    "\xe6\xa9\x84",
    "\xe6\xa9\x87",
    "\xe6\xa9\x8b",
    "\xe6\xa9\x98",
    "\xe6\xa9\x99",
    "\xe6\xa9\x9f",
    "\xe6\xa9\xa1",
    "\xe6\xa9\xaa",
    "\xe6\xa9\xb1",
    "\xe6\xa9\xb9",
    "\xe6\xa9\xbc",
    "\xe6\xaa\x80",
    "\xe6\xaa\x90",
    "\xe6\xaa\x94",
    "\xe6\xaa\x97",
    "\xe6\xaa\xa9",
    "\xe6\xaa\xac",
    "\xe6\xab\xa5",
    "\xe6\xac\x8a",
    "\xe6\xac\xa0",
    "\xe6\xac\xa1",
    "\xe6\xac\xa2",
    "\xe6\xac\xa3",
    "\xe6\xac\xa7",
    "\xe6\xac\xb2",
    "\xe6\xac\xba",
    "\xe6\xac\xbe",
    "\xe6\xad\x86",
    "\xe6\xad\x87",
    "\xe6\xad\x89",
    "\xe6\xad\x8c",
    "\xe6\xad\x90",
    "\xe6\xad\x99",
    "\xe6\xad\xa1",
    "\xe6\xad\xa2",
    "\xe6\xad\xa3",
    "\xe6\xad\xa4",
    "\xe6\xad\xa5",
    "\xe6\xad\xa6",
    "\xe6\xad\xa7",
    "\xe6\xad\xaa",
    "\xe6\xad\xb7",
    "\xe6\xad\xb8",
    "\xe6\xad\xb9",
    "\xe6\xad\xbb",
    "\xe6\xad\xbc",
    "\xe6\xae\x81",
    "\xe6\xae\x83",
    "\xe6\xae\x86",
    "\xe6\xae\x87",
    "\xe6\xae\x89",
    "\xe6\xae\x8a",
    "\xe6\xae\x8b",
    "\xe6\xae\x92",
    "\xe6\xae\x96",
    "\xe6\xae\x9a",
    "\xe6\xae\xa1",
    "\xe6\xae\xb4",
    "\xe6\xae\xb5",
    "\xe6\xae\xb7",
    "\xe6\xae\xba",
    "\xe6\xae\xbc",
    "\xe6\xae\xbf",
    "\xe6\xaf\x81",
    "\xe6\xaf\x82",
    "\xe6\xaf\x85",
    "\xe6\xaf\x8b",
    "\xe6\xaf\x8d",
    "\xe6\xaf\x8f",
    "\xe6\xaf\x92",
    "\xe6\xaf\x93",
    "\xe6\xaf\x94",
    "\xe6\xaf\x95",
    "\xe6\xaf\x97",
    "\xe6\xaf\x99",
    "\xe6\xaf\x9b",
    "\xe6\xaf\xa1",
    "\xe6\xaf\xab",
    "\xe6\xaf\xaf",
    "\xe6\xaf\xbd",
    "\xe6\xb0\x8f",
    "\xe6\xb0\x90",
    "\xe6\xb0\x91",
    "\xe6\xb0\x93",
    "\xe6\xb0\x94",
    "\xe6\xb0\x96",
    "\xe6\xb0\x97",
    "\xe6\xb0\x98",
    "\xe6\xb0\x99",
    "\xe6\xb0\x9a",
    "\xe6\xb0\x9b",
    "\xe6\xb0\x9f",
    "\xe6\xb0\xa1",
    "\xe6\xb0\xa2",
    "\xe6\xb0\xa3",
    "\xe6\xb0\xa4",
    "\xe6\xb0\xa6",
    "\xe6\xb0\xa7",
    "\xe6\xb0\xa8",
    "\xe6\xb0\xa9",
    "\xe6\xb0\xaa",
    "\xe6\xb0\xae",
    "\xe6\xb0\xaf",
    "\xe6\xb0\xb0",
    "\xe6\xb0\xb2",
    "\xe6\xb0\xb4",
    "\xe6\xb0\xb8",
    "\xe6\xb0\xbd",
    "\xe6\xb1\x80",
    "\xe6\xb1\x81",
    "\xe6\xb1\x82",
    "\xe6\xb1\x87",
    "\xe6\xb1\x89",
    "\xe6\xb1\x8a",
    "\xe6\xb1\x90",
    "\xe6\xb1\x95",
    "\xe6\xb1\x97",
    "\xe6\xb1\x9b",
    "\xe6\xb1\x9d",
    "\xe6\xb1\x9e",
    "\xe6\xb1\x9f",
    "\xe6\xb1\xa0",
    "\xe6\xb1\xa1",
    "\xe6\xb1\xa4",
    "\xe6\xb1\xa8",
    "\xe6\xb1\xa9",
    "\xe6\xb1\xaa",
    "\xe6\xb1\xb0",
    "\xe6\xb1\xb2",
    "\xe6\xb1\xb4",
    "\xe6\xb1\xb6",
    "\xe6\xb1\xb9",
    "\xe6\xb1\xba",
    "\xe6\xb1\xbd",
    "\xe6\xb1\xbe",
    "\xe6\xb2\x81",
    "\xe6\xb2\x82",
    "\xe6\xb2\x83",
    "\xe6\xb2\x85",
    "\xe6\xb2\x88",
    "\xe6\xb2\x89",
    "\xe6\xb2\x8c",
    "\xe6\xb2\x8f",
    "\xe6\xb2\x90",
    "\xe6\xb2\x93",
    "\xe6\xb2\x94",
    "\xe6\xb2\x99",
    "\xe6\xb2\x9b",
    "\xe6\xb2\x9f",
    "\xe6\xb2\xa1",
    "\xe6\xb2\xa3",
    "\xe6\xb2\xa4",
    "\xe6\xb2\xa5",
    "\xe6\xb2\xa6",
    "\xe6\xb2\xa7",
    "\xe6\xb2\xaa",
    "\xe6\xb2\xab",
    "\xe6\xb2\xad",
    "\xe6\xb2\xae",
    "\xe6\xb2\xb1",
    "\xe6\xb2\xb3",
    "\xe6\xb2\xb8",
    "\xe6\xb2\xb9",
    "\xe6\xb2\xbb",
    "\xe6\xb2\xbc",
    "\xe6\xb2\xbd",
    "\xe6\xb2\xbe",
    "\xe6\xb2\xbf",
    "\xe6\xb3\x84",
    "\xe6\xb3\x85",
    "\xe6\xb3\x89",
    "\xe6\xb3\x8a",
    "\xe6\xb3\x8c",
    "\xe6\xb3\x93",
    "\xe6\xb3\x94",
    "\xe6\xb3\x95",
    "\xe6\xb3\x97",
    "\xe6\xb3\x9b",
    "\xe6\xb3\x9e",
    "\xe6\xb3\xa0",
    "\xe6\xb3\xa1",
    "\xe6\xb3\xa2",
    "\xe6\xb3\xa3",
    "\xe6\xb3\xa5",
    "\xe6\xb3\xa8",
    "\xe6\xb3\xa9",
    "\xe6\xb3\xaa",
    "\xe6\xb3\xab",
    "\xe6\xb3\xae",
    "\xe6\xb3\xaf",
    "\xe6\xb3\xb0",
    "\xe6\xb3\xb1",
    "\xe6\xb3\xb3",
    "\xe6\xb3\xb5",
    "\xe6\xb3\xb7",
    "\xe6\xb3\xb8",
    "\xe6\xb3\xba",
    "\xe6\xb3\xbb",
    "\xe6\xb3\xbc",
    "\xe6\xb3\xbd",
    "\xe6\xb3\xbe",
    "\xe6\xb4\x81",
    "\xe6\xb4\x84",
    "\xe6\xb4\x8b",
    "\xe6\xb4\x92",
    "\xe6\xb4\x97",
    "\xe6\xb4\x99",
    "\xe6\xb4\x9b",
    "\xe6\xb4\x9e",
    "\xe6\xb4\xa5",
    "\xe6\xb4\xaa",
    "\xe6\xb4\xae",
    "\xe6\xb4\xb1",
    "\xe6\xb4\xb2",
    "\xe6\xb4\xb3",
    "\xe6\xb4\xb5",
    "\xe6\xb4\xba",
    "\xe6\xb4\xbb",
    "\xe6\xb4\xbc",
    "\xe6\xb4\xbd",
    "\xe6\xb4\xbe",
    "\xe6\xb5\x81",
    "\xe6\xb5\x83",
    "\xe6\xb5\x85",
    "\xe6\xb5\x86",
    "\xe6\xb5\x87",
    "\xe6\xb5\x88",
    "\xe6\xb5\x8a",
    "\xe6\xb5\x8b",
    "\xe6\xb5\x8d",
    "\xe6\xb5\x8e",
    "\xe6\xb5\x8f",
    "\xe6\xb5\x90",
    "\xe6\xb5\x91",
    "\xe6\xb5\x92",
    "\xe6\xb5\x93",
    "\xe6\xb5\x94",
    "\xe6\xb5\x99",
    "\xe6\xb5\x9a",
    "\xe6\xb5\x9c",
    "\xe6\xb5\xa0",
    "\xe6\xb5\xa3",
    "\xe6\xb5\xa5",
    "\xe6\xb5\xa6",
    "\xe6\xb5\xa9",
    "\xe6\xb5\xaa",
    "\xe6\xb5\xae",
    "\xe6\xb5\xb4",
    "\xe6\xb5\xb7",
    "\xe6\xb5\xb8",
    "\xe6\xb5\xbc",
    "\xe6\xb6\x82",
    "\xe6\xb6\x85",
    "\xe6\xb6\x87",
    "\xe6\xb6\x88",
    "\xe6\xb6\x89",
    "\xe6\xb6\x8c",
    "\xe6\xb6\x8e",
    "\xe6\xb6\x93",
    "\xe6\xb6\x94",
    "\xe6\xb6\x95",
    "\xe6\xb6\x9b",
    "\xe6\xb6\x9d",
    "\xe6\xb6\x9e",
    "\xe6\xb6\x9f",
    "\xe6\xb6\xa0",
    "\xe6\xb6\xa1",
    "\xe6\xb6\xa3",
    "\xe6\xb6\xa4",
    "\xe6\xb6\xa6",
    "\xe6\xb6\xa7",
    "\xe6\xb6\xa8",
    "\xe6\xb6\xa9",
    "\xe6\xb6\xaa",
    "\xe6\xb6\xab",
    "\xe6\xb6\xae",
    "\xe6\xb6\xaf",
    "\xe6\xb6\xb2",
    "\xe6\xb6\xb5",
    "\xe6\xb6\xb8",
    "\xe6\xb6\xbf",
    "\xe6\xb7\x80",
    "\xe6\xb7\x84",
    "\xe6\xb7\x85",
    "\xe6\xb7\x86",
    "\xe6\xb7\x87",
    "\xe6\xb7\x8b",
    "\xe6\xb7\x8c",
    "\xe6\xb7\x91",
    "\xe6\xb7\x96",
    "\xe6\xb7\x98",
    "\xe6\xb7\x99",
    "\xe6\xb7\x9a",
    "\xe6\xb7\x9d",
    "\xe6\xb7\x9e",
    "\xe6\xb7\xa1",
    "\xe6\xb7\xa4",
    "\xe6\xb7\xa6",
    "\xe6\xb7\xa8",
    "\xe6\xb7\xa9",
    "\xe6\xb7\xab",
    "\xe6\xb7\xac",
    "\xe6\xb7\xae",
    "\xe6\xb7\xb1",
    "\xe6\xb7\xb3",
    "\xe6\xb7\xb7",
    "\xe6\xb7\xb9",
    "\xe6\xb7\xbb",
    "\xe6\xb7\xbc",
    "\xe6\xb8\x85",
    "\xe6\xb8\x8a",
    "\xe6\xb8\x8c",
    "\xe6\xb8\x8d",
    "\xe6\xb8\x8e",
    "\xe6\xb8\x90",
    "\xe6\xb8\x91",
    "\xe6\xb8\x94",
    "\xe6\xb8\x97",
    "\xe6\xb8\x9a",
    "\xe6\xb8\x9d",
    "\xe6\xb8\xa0",
    "\xe6\xb8\xa1",
    "\xe6\xb8\xa3",
    "\xe6\xb8\xa4",
    "\xe6\xb8\xa5",
    "\xe6\xb8\xa9",
    "\xe6\xb8\xac",
    "\xe6\xb8\xad",
    "\xe6\xb8\xaf",
    "\xe6\xb8\xb2",
    "\xe6\xb8\xb4",
    "\xe6\xb8\xb8",
    "\xe6\xb8\xba",
    "\xe6\xb9\x83",
    "\xe6\xb9\x84",
    "\xe6\xb9\x8d",
    "\xe6\xb9\x93",
    "\xe6\xb9\x96",
    "\xe6\xb9\x98",
    "\xe6\xb9\x9b",
    "\xe6\xb9\x9f",
    "\xe6\xb9\xab",
    "\xe6\xb9\xae",
    "\xe6\xb9\xaf",
    "\xe6\xb9\xbe",
    "\xe6\xb9\xbf",
    "\xe6\xba\x83",
    "\xe6\xba\x85",
    "\xe6\xba\x86",
    "\xe6\xba\x89",
    "\xe6\xba\x8f",
    "\xe6\xba\x90",
    "\xe6\xba\x9c",
    "\xe6\xba\x9d",
    "\xe6\xba\x9f",
    "\xe6\xba\xa2",
    "\xe6\xba\xa5",
    "\xe6\xba\xa7",
    "\xe6\xba\xaa",
    "\xe6\xba\xab",
    "\xe6\xba\xaf",
    "\xe6\xba\xb1",
    "\xe6\xba\xb4",
    "\xe6\xba\xb6",
    "\xe6\xba\xba",
    "\xe6\xbb\x81",
    "\xe6\xbb\x82",
    "\xe6\xbb\x87",
    "\xe6\xbb\x8b",
    "\xe6\xbb\x8f",
    "\xe6\xbb\x91",
    "\xe6\xbb\x93",
    "\xe6\xbb\x94",
    "\xe6\xbb\x95",
    "\xe6\xbb\x98",
    "\xe6\xbb\x99",
    "\xe6\xbb\x9a",
    "\xe6\xbb\x9e",
    "\xe6\xbb\x9f",
    "\xe6\xbb\xa1",
    "\xe6\xbb\xa2",
    "\xe6\xbb\xa4",
    "\xe6\xbb\xa5",
    "\xe6\xbb\xa6",
    "\xe6\xbb\xa8",
    "\xe6\xbb\xa9",
    "\xe6\xbb\xac",
    "\xe6\xbb\xb4",
    "\xe6\xbb\xbf",
    "\xe6\xbc\x81",
    "\xe6\xbc\x82",
    "\xe6\xbc\x86",
    "\xe6\xbc\x89",
    "\xe6\xbc\x8f",
    "\xe6\xbc\x93",
    "\xe6\xbc\x94",
    "\xe6\xbc\x95",
    "\xe6\xbc\xa0",
    "\xe6\xbc\xa2",
    "\xe6\xbc\xa9",
    "\xe6\xbc\xaa",
    "\xe6\xbc\xab",
    "\xe6\xbc\xaf",
    "\xe6\xbc\xb1",
    "\xe6\xbc\xb3",
    "\xe6\xbc\xbe",
    "\xe6\xbd\x87",
    "\xe6\xbd\x8b",
    "\xe6\xbd\x8d",
    "\xe6\xbd\x94",
    "\xe6\xbd\x98",
    "\xe6\xbd\x9c",
    "\xe6\xbd\x9e",
    "\xe6\xbd\xa2",
    "\xe6\xbd\xa4",
    "\xe6\xbd\xa6",
    "\xe6\xbd\xad",
    "\xe6\xbd\xae",
    "\xe6\xbd\xb4",
    "\xe6\xbd\xb8",
    "\xe6\xbd\xba",
    "\xe6\xbd\xbc",
    "\xe6\xbe\x84",
    "\xe6\xbe\x88",
    "\xe6\xbe\x8d",
    "\xe6\xbe\x8e",
    "\xe6\xbe\x9c",
    "\xe6\xbe\xa1",
    "\xe6\xbe\xa4",
    "\xe6\xbe\xa7",
    "\xe6\xbe\xb3",
    "\xe6\xbe\xb6",
    "\xe6\xbe\xb9",
    "\xe6\xbf\x80",
    "\xe6\xbf\x82",
    "\xe6\xbf\x83",
    "\xe6\xbf\x89",
    "\xe6\xbf\x91",
    "\xe6\xbf\x92",
    "\xe6\xbf\x95",
    "\xe6\xbf\x9e",
    "\xe6\xbf\x9f",
    "\xe6\xbf\xa0",
    "\xe6\xbf\xa1",
    "\xe6\xbf\xa4",
    "\xe6\xbf\xae",
    "\xe6\xbf\xaf",
    "\xe6\xbf\xb1",
    "\xe7\x80\x91",
    "\xe7\x80\x98",
    "\xe7\x80\x9a",
    "\xe7\x80\x9b",
    "\xe7\x80\xa3",
    "\xe7\x80\xb5",
    "\xe7\x80\xb9",
    "\xe7\x81\x8c",
    "\xe7\x81\x8f",
    "\xe7\x81\x9e",
    "\xe7\x81\xa1",
    "\xe7\x81\xa3",
    "\xe7\x81\xab",
    "\xe7\x81\xad",
    "\xe7\x81\xaf",
    "\xe7\x81\xb0",
    "\xe7\x81\xb5",
    "\xe7\x81\xb6",
    "\xe7\x81\xb8",
    "\xe7\x81\xbc",
    "\xe7\x81\xbe",
    "\xe7\x81\xbf",
    "\xe7\x82\x80",
    "\xe7\x82\x85",
    "\xe7\x82\x89",
    "\xe7\x82\x8a",
    "\xe7\x82\x8e",
    "\xe7\x82\x92",
    "\xe7\x82\x94",
    "\xe7\x82\x95",
    "\xe7\x82\x96",
    "\xe7\x82\x99",
    "\xe7\x82\x9c",
    "\xe7\x82\x9d",
    "\xe7\x82\xab",
    "\xe7\x82\xac",
    "\xe7\x82\xad",
    "\xe7\x82\xae",
    "\xe7\x82\xaf",
    "\xe7\x82\xb3",
    "\xe7\x82\xb8",
    "\xe7\x82\xb9",
    "\xe7\x82\xba",
    "\xe7\x82\xbc",
    "\xe7\x82\xbd",
    "\xe7\x83\x81",
    "\xe7\x83\x82",
    "\xe7\x83\x83",
    "\xe7\x83\x88",
    "\xe7\x83\x8a",
    "\xe7\x83\x8f",
    "\xe7\x83\x98",
    "\xe7\x83\x99",
    "\xe7\x83\x9b",
    "\xe7\x83\x9c",
    "\xe7\x83\x9f",
    "\xe7\x83\xa4",
    "\xe7\x83\xa6",
    "\xe7\x83\xa7",
    "\xe7\x83\xa8",
    "\xe7\x83\xa9",
    "\xe7\x83\xab",
    "\xe7\x83\xac",
    "\xe7\x83\xad",
    "\xe7\x83\xaf",
    "\xe7\x83\xb7",
    "\xe7\x83\xb9",
    "\xe7\x83\xba",
    "\xe7\x83\xbd",
    "\xe7\x84\x89",
    "\xe7\x84\x8a",
    "\xe7\x84\x95",
    "\xe7\x84\x96",
    "\xe7\x84\x97",
    "\xe7\x84\x98",
    "\xe7\x84\x99",
    "\xe7\x84\x9a",
    "\xe7\x84\xa1",
    "\xe7\x84\xa6",
    "\xe7\x84\xaf",
    "\xe7\x84\xb0",
    "\xe7\x84\xb1",
    "\xe7\x84\xb6",
    "\xe7\x85\x85",
    "\xe7\x85\x8a",
    "\xe7\x85\x8c",
    "\xe7\x85\x8e",
    "\xe7\x85\x96",
    "\xe7\x85\x99",
    "\xe7\x85\x9c",
    "\xe7\x85\x9e",
    "\xe7\x85\xa4",
    "\xe7\x85\xa5",
    "\xe7\x85\xa6",
    "\xe7\x85\xa7",
    "\xe7\x85\xa8",
    "\xe7\x85\xae",
    "\xe7\x85\xb2",
    "\xe7\x85\xb8",
    "\xe7\x85\xbd",
    "\xe7\x86\x84",
    "\xe7\x86\x8a",
    "\xe7\x86\x8f",
    "\xe7\x86\x94",
    "\xe7\x86\x98",
    "\xe7\x86\x99",
    "\xe7\x86\x9f",
    "\xe7\x86\xa0",
    "\xe7\x86\xa5",
    "\xe7\x86\xa8",
    "\xe7\x86\xac",
    "\xe7\x86\xb1",
    "\xe7\x86\xb3",
    "\xe7\x86\xb5",
    "\xe7\x86\xb9",
    "\xe7\x87\x81",
    "\xe7\x87\x83",
    "\xe7\x87\x88",
    "\xe7\x87\x8e",
    "\xe7\x87\x92",
    "\xe7\x87\x95",
    "\xe7\x87\x98",
    "\xe7\x87\x99",
    "\xe7\x87\x9a",
    "\xe7\x87\x9c",
    "\xe7\x87\x9f",
    "\xe7\x87\xa5",
    "\xe7\x87\xa6",
    "\xe7\x87\xa7",
    "\xe7\x87\xae",
    "\xe7\x87\xb4",
    "\xe7\x88\x86",
    "\xe7\x88\x8d",
    "\xe7\x88\x90",
    "\xe7\x88\xa8",
    "\xe7\x88\xaa",
    "\xe7\x88\xac",
    "\xe7\x88\xad",
    "\xe7\x88\xaf",
    "\xe7\x88\xb0",
    "\xe7\x88\xb1",
    "\xe7\x88\xb2",
    "\xe7\x88\xb5",
    "\xe7\x88\xb6",
    "\xe7\x88\xb7",
    "\xe7\x88\xb8",
    "\xe7\x88\xb9",
    "\xe7\x88\xba",
    "\xe7\x88\xbb",
    "\xe7\x88\xbd",
    "\xe7\x88\xbe",
    "\xe7\x89\x87",
    "\xe7\x89\x88",
    "\xe7\x89\x8c",
    "\xe7\x89\x8d",
    "\xe7\x89\x92",
    "\xe7\x89\x99",
    "\xe7\x89\x9b",
    "\xe7\x89\x9f",
    "\xe7\x89\xa1",
    "\xe7\x89\xa2",
    "\xe7\x89\xa6",
    "\xe7\x89\xa7",
    "\xe7\x89\xa9",
    "\xe7\x89\xaf",
    "\xe7\x89\xb2",
    "\xe7\x89\xb5",
    "\xe7\x89\xb9",
    "\xe7\x89\xba",
    "\xe7\x8a\x80",
    "\xe7\x8a\x81",
    "\xe7\x8a\x87",
    "\xe7\x8a\x8a",
    "\xe7\x8a\x8d",
    "\xe7\x8a\x9f",
    "\xe7\x8a\xac",
    "\xe7\x8a\xaf",
    "\xe7\x8a\xb6",
    "\xe7\x8a\xb7",
    "\xe7\x8a\xb8",
    "\xe7\x8a\xb9",
    "\xe7\x8b\x80",
    "\xe7\x8b\x82",
    "\xe7\x8b\x84",
    "\xe7\x8b\x88",
    "\xe7\x8b\x8d",
    "\xe7\x8b\x90",
    "\xe7\x8b\x92",
    "\xe7\x8b\x97",
    "\xe7\x8b\x99",
    "\xe7\x8b\x9e",
    "\xe7\x8b\xa0",
    "\xe7\x8b\xa1",
    "\xe7\x8b\xa9",
    "\xe7\x8b\xac",
    "\xe7\x8b\xad",
    "\xe7\x8b\xae",
    "\xe7\x8b\xb0",
    "\xe7\x8b\xb1",
    "\xe7\x8b\xb8",
    "\xe7\x8b\xbc",
    "\xe7\x8c\x8e",
    "\xe7\x8c\x95",
    "\xe7\x8c\x96",
    "\xe7\x8c\x97",
    "\xe7\x8c\x9b",
    "\xe7\x8c\x9c",
    "\xe7\x8c\x9d",
    "\xe7\x8c\xa5",
    "\xe7\x8c\xa9",
    "\xe7\x8c\xaa",
    "\xe7\x8c\xab",
    "\xe7\x8c\xac",
    "\xe7\x8c\xae",
    "\xe7\x8c\xb4",
    "\xe7\x8c\xb7",
    "\xe7\x8c\xbe",
    "\xe7\x8c\xbf",
    "\xe7\x8d\x85",
    "\xe7\x8d\x90",
    "\xe7\x8d\x92",
    "\xe7\x8d\x97",
    "\xe7\x8d\xa0",
    "\xe7\x8d\xa8",
    "\xe7\x8d\xad",
    "\xe7\x8d\xb2",
    "\xe7\x8d\xb8",
    "\xe7\x8d\xbb",
    "\xe7\x8e\x84",
    "\xe7\x8e\x87",
    "\xe7\x8e\x89",
    "\xe7\x8e\x8b",
    "\xe7\x8e\x91",
    "\xe7\x8e\x96",
    "\xe7\x8e\x9b",
    "\xe7\x8e\x9f",
    "\xe7\x8e\xa5",
    "\xe7\x8e\xa9",
    "\xe7\x8e\xab",
    "\xe7\x8e\xae",
    "\xe7\x8e\xaf",
    "\xe7\x8e\xb0",
    "\xe7\x8e\xb2",
    "\xe7\x8e\xb3",
    "\xe7\x8e\xb7",
    "\xe7\x8e\xba",
    "\xe7\x8e\xbb",
    "\xe7\x8f\x80",
    "\xe7\x8f\x82",
    "\xe7\x8f\x88",
    "\xe7\x8f\x89",
    "\xe7\x8f\x8a",
    "\xe7\x8f\x8d",
    "\xe7\x8f\x8f",
    "\xe7\x8f\x90",
    "\xe7\x8f\x91",
    "\xe7\x8f\x99",
    "\xe7\x8f\x9e",
    "\xe7\x8f\xa0",
    "\xe7\x8f\xa3",
    "\xe7\x8f\xa5",
    "\xe7\x8f\xa9",
    "\xe7\x8f\xad",
    "\xe7\x8f\xb2",
    "\xe7\x8f\xba",
    "\xe7\x8f\xbe",
    "\xe7\x90\x83",
    "\xe7\x90\x85",
    "\xe7\x90\x86",
    "\xe7\x90\x89",
    "\xe7\x90\x8a",
    "\xe7\x90\x8f",
    "\xe7\x90\x90",
    "\xe7\x90\x9a",
    "\xe7\x90\x9b",
    "\xe7\x90\xa2",
    "\xe7\x90\xa5",
    "\xe7\x90\xa6",
    "\xe7\x90\xa8",
    "\xe7\x90\xaa",
    "\xe7\x90\xac",
    "\xe7\x90\xae",
    "\xe7\x90\xaf",
    "\xe7\x90\xb0",
    "\xe7\x90\xb3",
    "\xe7\x90\xb4",
    "\xe7\x90\xb5",
    "\xe7\x90\xb6",
    "\xe7\x90\xbc",
    "\xe7\x91\x81",
    "\xe7\x91\x84",
    "\xe7\x91\x95",
    "\xe7\x91\x97",
    "\xe7\x91\x99",
    "\xe7\x91\x9a",
    "\xe7\x91\x9b",
    "\xe7\x91\x9c",
    "\xe7\x91\x9e",
    "\xe7\x91\x9f",
    "\xe7\x91\xa9",
    "\xe7\x91\xaa",
    "\xe7\x91\xad",
    "\xe7\x91\xb0",
    "\xe7\x91\xb6",
    "\xe7\x91\xb7",
    "\xe7\x91\xbe",
    "\xe7\x92\x80",
    "\xe7\x92\x81",
    "\xe7\x92\x83",
    "\xe7\x92\x87",
    "\xe7\x92\x88",
    "\xe7\x92\x8b",
    "\xe7\x92\x8e",
    "\xe7\x92\x90",
    "\xe7\x92\x9c",
    "\xe7\x92\x9e",
    "\xe7\x92\x9f",
    "\xe7\x92\xa7",
    "\xe7\x92\xa8",
    "\xe7\x92\xa9",
    "\xe7\x92\xb0",
    "\xe7\x92\xba",
    "\xe7\x93\x92",
    "\xe7\x93\x9c",
    "\xe7\x93\xa0",
    "\xe7\x93\xa2",
    "\xe7\x93\xa3",
    "\xe7\x93\xa4",
    "\xe7\x93\xa6",
    "\xe7\x93\xae",
    "\xe7\x93\xaf",
    "\xe7\x93\xb4",
    "\xe7\x93\xb6",
    "\xe7\x93\xb7",
    "\xe7\x93\xbf",
    "\xe7\x94\x84",
    "\xe7\x94\x98",
    "\xe7\x94\x99",
    "\xe7\x94\x9a",
    "\xe7\x94\x9c",
    "\xe7\x94\x9f",
    "\xe7\x94\xa2",
    "\xe7\x94\xa3",
    "\xe7\x94\xa5",
    "\xe7\x94\xa8",
    "\xe7\x94\xa9",
    "\xe7\x94\xab",
    "\xe7\x94\xac",
    "\xe7\x94\xad",
    "\xe7\x94\xaf",
    "\xe7\x94\xb0",
    "\xe7\x94\xb1",
    "\xe7\x94\xb2",
    "\xe7\x94\xb3",
    "\xe7\x94\xb5",
    "\xe7\x94\xb7",
    "\xe7\x94\xb8",
    "\xe7\x94\xb9",
    "\xe7\x94\xba",
    "\xe7\x94\xbb",
    "\xe7\x94\xbe",
    "\xe7\x95\x85",
    "\xe7\x95\x88",
    "\xe7\x95\x8c",
    "\xe7\x95\x8f",
    "\xe7\x95\x90",
    "\xe7\x95\x94",
    "\xe7\x95\x99",
    "\xe7\x95\x9c",
    "\xe7\x95\xa5",
    "\xe7\x95\xa6",
    "\xe7\x95\xaa",
    "\xe7\x95\xab",
    "\xe7\x95\xb2",
    "\xe7\x95\xb4",
    "\xe7\x95\xb5",
    "\xe7\x95\xb6",
    "\xe7\x95\xb8",
    "\xe7\x95\xb9",
    "\xe7\x95\xbf",
    "\xe7\x96\x83",
    "\xe7\x96\x86",
    "\xe7\x96\x8c",
    "\xe7\x96\x8f",
    "\xe7\x96\x91",
    "\xe7\x96\x96",
    "\xe7\x96\x97",
    "\xe7\x96\x99",
    "\xe7\x96\x9a",
    "\xe7\x96\x9d",
    "\xe7\x96\x9f",
    "\xe7\x96\xa1",
    "\xe7\x96\xa3",
    "\xe7\x96\xa4",
    "\xe7\x96\xa5",
    "\xe7\x96\xab",
    "\xe7\x96\xae",
    "\xe7\x96\xaf",
    "\xe7\x96\xb1",
    "\xe7\x96\xb2",
    "\xe7\x96\xb3",
    "\xe7\x96\xb5",
    "\xe7\x96\xb8",
    "\xe7\x96\xb9",
    "\xe7\x96\xbc",
    "\xe7\x96\xbd",
    "\xe7\x96\xbe",
    "\xe7\x97\x82",
    "\xe7\x97\x85",
    "\xe7\x97\x87",
    "\xe7\x97\x88",
    "\xe7\x97\x89",
    "\xe7\x97\x8a",
    "\xe7\x97\x92",
    "\xe7\x97\x94",
    "\xe7\x97\x95",
    "\xe7\x97\x98",
    "\xe7\x97\x9b",
    "\xe7\x97\x9e",
    "\xe7\x97\xa0",
    "\xe7\x97\xa2",
    "\xe7\x97\xa3",
    "\xe7\x97\xa4",
    "\xe7\x97\xa7",
    "\xe7\x97\xa8",
    "\xe7\x97\xaa",
    "\xe7\x97\xab",
    "\xe7\x97\xb0",
    "\xe7\x97\xb1",
    "\xe7\x97\xb4",
    "\xe7\x97\xb9",
    "\xe7\x97\xbc",
    "\xe7\x97\xbf",
    "\xe7\x98\x80",
    "\xe7\x98\x81",
    "\xe7\x98\x8a",
    "\xe7\x98\x98",
    "\xe7\x98\x99",
    "\xe7\x98\x9f",
    "\xe7\x98\xa0",
    "\xe7\x98\xa2",
    "\xe7\x98\xa4",
    "\xe7\x98\xa6",
    "\xe7\x98\xa9",
    "\xe7\x98\xaa",
    "\xe7\x98\xab",
    "\xe7\x98\xb4",
    "\xe7\x98\xb8",
    "\xe7\x98\xbe",
    "\xe7\x98\xbf",
    "\xe7\x99\x82",
    "\xe7\x99\x8c",
    "\xe7\x99\x94",
    "\xe7\x99\x96",
    "\xe7\x99\x9c",
    "\xe7\x99\x9e",
    "\xe7\x99\xa3",
    "\xe7\x99\xab",
    "\xe7\x99\xb8",
    "\xe7\x99\xbb",
    "\xe7\x99\xbc",
    "\xe7\x99\xbd",
    "\xe7\x99\xbe",
    "\xe7\x9a\x82",
    "\xe7\x9a\x84",
    "\xe7\x9a\x86",
    "\xe7\x9a\x87",
    "\xe7\x9a\x88",
    "\xe7\x9a\x8b",
    "\xe7\x9a\x8e",
    "\xe7\x9a\x91",
    "\xe7\x9a\x93",
    "\xe7\x9a\x96",
    "\xe7\x9a\x99",
    "\xe7\x9a\xae",
    "\xe7\x9a\xb1",
    "\xe7\x9a\xb2",
    "\xe7\x9a\xb4",
    "\xe7\x9a\xba",
    "\xe7\x9a\xbf",
    "\xe7\x9b\x82",
    "\xe7\x9b\x85",
    "\xe7\x9b\x86",
    "\xe7\x9b\x88",
    "\xe7\x9b\x8a",
    "\xe7\x9b\x8e",
    "\xe7\x9b\x8f",
    "\xe7\x9b\x90",
    "\xe7\x9b\x91",
    "\xe7\x9b\x92",
    "\xe7\x9b\x94",
    "\xe7\x9b\x96",
    "\xe7\x9b\x97",
    "\xe7\x9b\x98",
    "\xe7\x9b\x9b",
    "\xe7\x9b\x9c",
    "\xe7\x9b\x9f",
    "\xe7\x9b\xa4",
    "\xe7\x9b\xa5",
    "\xe7\x9b\xae",
    "\xe7\x9b\xaf",
    "\xe7\x9b\xb1",
    "\xe7\x9b\xb2",
    "\xe7\x9b\xb4",
    "\xe7\x9b\xb8",
    "\xe7\x9b\xb9",
    "\xe7\x9b\xbc",
    "\xe7\x9b\xbe",
    "\xe7\x9c\x81",
    "\xe7\x9c\x88",
    "\xe7\x9c\x89",
    "\xe7\x9c\x8b",
    "\xe7\x9c\x99",
    "\xe7\x9c\x9e",
    "\xe7\x9c\x9f",
    "\xe7\x9c\xa0",
    "\xe7\x9c\xa6",
    "\xe7\x9c\xa8",
    "\xe7\x9c\xa9",
    "\xe7\x9c\xad",
    "\xe7\x9c\xaf",
    "\xe7\x9c\xb6",
    "\xe7\x9c\xb7",
    "\xe7\x9c\xb8",
    "\xe7\x9c\xba",
    "\xe7\x9c\xbc",
    "\xe7\x9d\x80",
    "\xe7\x9d\x81",
    "\xe7\x9d\x87",
    "\xe7\x9d\x90",
    "\xe7\x9d\x91",
    "\xe7\x9d\x9b",
    "\xe7\x9d\xa1",
    "\xe7\x9d\xa2",
    "\xe7\x9d\xa3",
    "\xe7\x9d\xa6",
    "\xe7\x9d\xa8",
    "\xe7\x9d\xab",
    "\xe7\x9d\xac",
    "\xe7\x9d\xb9",
    "\xe7\x9d\xbd",
    "\xe7\x9d\xbe",
    "\xe7\x9d\xbf",
    "\xe7\x9e\x84",
    "\xe7\x9e\x85",
    "\xe7\x9e\x8c",
    "\xe7\x9e\x8e",
    "\xe7\x9e\x91",
    "\xe7\x9e\x92",
    "\xe7\x9e\x93",
    "\xe7\x9e\x9f",
    "\xe7\x9e\xa0",
    "\xe7\x9e\xa5",
    "\xe7\x9e\xa7",
    "\xe7\x9e\xa9",
    "\xe7\x9e\xaa",
    "\xe7\x9e\xac",
    "\xe7\x9e\xad",
    "\xe7\x9e\xb0",
    "\xe7\x9e\xb3",
    "\xe7\x9e\xbb",
    "\xe7\x9e\xbf",
    "\xe7\x9f\x97",
    "\xe7\x9f\x9b",
    "\xe7\x9f\x9c",
    "\xe7\x9f\x9e",
    "\xe7\x9f\xa2",
    "\xe7\x9f\xa3",
    "\xe7\x9f\xa5",
    "\xe7\x9f\xa9",
    "\xe7\x9f\xab",
    "\xe7\x9f\xad",
    "\xe7\x9f\xae",
    "\xe7\x9f\xb3",
    "\xe7\x9f\xb6",
    "\xe7\x9f\xb8",
    "\xe7\x9f\xbd",
    "\xe7\x9f\xbe",
    "\xe7\x9f\xbf",
    "\xe7\xa0\x80",
    "\xe7\xa0\x81",
    "\xe7\xa0\x82",
    "\xe7\xa0\x8c",
    "\xe7\xa0\x8d",
    "\xe7\xa0\x92",
    "\xe7\xa0\x94",
    "\xe7\xa0\x96",
    "\xe7\xa0\x9a",
    "\xe7\xa0\x9c",
    "\xe7\xa0\x9d",
    "\xe7\xa0\xa3",
    "\xe7\xa0\xa5",
    "\xe7\xa0\xa6",
    "\xe7\xa0\xa7",
    "\xe7\xa0\xac",
    "\xe7\xa0\xad",
    "\xe7\xa0\xb0",
    "\xe7\xa0\xb4",
    "\xe7\xa0\xb7",
    "\xe7\xa0\xb8",
    "\xe7\xa0\xba",
    "\xe7\xa0\xbb",
    "\xe7\xa0\xbc",
    "\xe7\xa0\xbe",
    "\xe7\xa1\x80",
    "\xe7\xa1\x82",
    "\xe7\xa1\x85",
    "\xe7\xa1\x92",
    "\xe7\xa1\x95",
    "\xe7\xa1\x96",
    "\xe7\xa1\x9a",
    "\xe7\xa1\x9d",
    "\xe7\xa1\xaa",
    "\xe7\xa1\xab",
    "\xe7\xa1\xac",
    "\xe7\xa1\xae",
    "\xe7\xa1\xbc",
    "\xe7\xa2\x81",
    "\xe7\xa2\x87",
    "\xe7\xa2\x89",
    "\xe7\xa2\x8c",
    "\xe7\xa2\x8d",
    "\xe7\xa2\x8e",
    "\xe7\xa2\x91",
    "\xe7\xa2\x93",
    "\xe7\xa2\x97",
    "\xe7\xa2\x98",
    "\xe7\xa2\x9a",
    "\xe7\xa2\x9f",
    "\xe7\xa2\xa3",
    "\xe7\xa2\xa7",
    "\xe7\xa2\xa9",
    "\xe7\xa2\xb0",
    "\xe7\xa2\xb1",
    "\xe7\xa2\xb2",
    "\xe7\xa2\xb3",
    "\xe7\xa2\xb4",
    "\xe7\xa2\xb6",
    "\xe7\xa2\xba",
    "\xe7\xa2\xbc",
    "\xe7\xa2\xbe",
    "\xe7\xa3\x81",
    "\xe7\xa3\x85",
    "\xe7\xa3\x8a",
    "\xe7\xa3\x8b",
    "\xe7\xa3\x90",
    "\xe7\xa3\x95",
    "\xe7\xa3\x9a",
    "\xe7\xa3\xa8",
    "\xe7\xa3\xac",
    "\xe7\xa3\xb4",
    "\xe7\xa3\xb7",
    "\xe7\xa3\xba",
    "\xe7\xa4\x81",
    "\xe7\xa4\xb4",
    "\xe7\xa4\xba",
    "\xe7\xa4\xbc",
    "\xe7\xa4\xbe",
    "\xe7\xa5\x80",
    "\xe7\xa5\x81",
    "\xe7\xa5\x88",
    "\xe7\xa5\x89",
    "\xe7\xa5\x8e",
    "\xe7\xa5\x90",
    "\xe7\xa5\x96",
    "\xe7\xa5\x97",
    "\xe7\xa5\x99",
    "\xe7\xa5\x9a",
    "\xe7\xa5\x9b",
    "\xe7\xa5\x9c",
    "\xe7\xa5\x9d",
    "\xe7\xa5\x9e",
    "\xe7\xa5\x9f",
    "\xe7\xa5\xa0",
    "\xe7\xa5\xa2",
    "\xe7\xa5\xa5",
    "\xe7\xa5\xa8",
    "\xe7\xa5\xad",
    "\xe7\xa5\xaf",
    "\xe7\xa5\xb7",
    "\xe7\xa5\xb8",
    "\xe7\xa5\xba",
    "\xe7\xa6\x80",
    "\xe7\xa6\x81",
    "\xe7\xa6\x84",
    "\xe7\xa6\x85",
    "\xe7\xa6\x8f",
    "\xe7\xa6\xa6",
    "\xe7\xa6\xa7",
    "\xe7\xa6\xae",
    "\xe7\xa6\xb9",
    "\xe7\xa6\xba",
    "\xe7\xa6\xbb",
    "\xe7\xa6\xbd",
    "\xe7\xa6\xbe",
    "\xe7\xa7\x80",
    "\xe7\xa7\x81",
    "\xe7\xa7\x83",
    "\xe7\xa7\x86",
    "\xe7\xa7\x89",
    "\xe7\xa7\x8b",
    "\xe7\xa7\x8d",
    "\xe7\xa7\x91",
    "\xe7\xa7\x92",
    "\xe7\xa7\x95",
    "\xe7\xa7\x98",
    "\xe7\xa7\x9f",
    "\xe7\xa7\xa3",
    "\xe7\xa7\xa4",
    "\xe7\xa7\xa6",
    "\xe7\xa7\xa7",
    "\xe7\xa7\xa9",
    "\xe7\xa7\xad",
    "\xe7\xa7\xaf",
    "\xe7\xa7\xb0",
    "\xe7\xa7\xb8",
    "\xe7\xa7\xbb",
    "\xe7\xa7\xbd",
    "\xe7\xa8\x80",
    "\xe7\xa8\x8b",
    "\xe7\xa8\x8d",
    "\xe7\xa8\x8e",
    "\xe7\xa8\x94",
    "\xe7\xa8\x97",
    "\xe7\xa8\x9a",
    "\xe7\xa8\x9e",
    "\xe7\xa8\xa0",
    "\xe7\xa8\xa3",
    "\xe7\xa8\xae",
    "\xe7\xa8\xb3",
    "\xe7\xa8\xb7",
    "\xe7\xa8\xb9",
    "\xe7\xa8\xbb",
    "\xe7\xa8\xbc",
    "\xe7\xa8\xbd",
    "\xe7\xa8\xbf",
    "\xe7\xa9\x82",
    "\xe7\xa9\x86",
    "\xe7\xa9\x97",
    "\xe7\xa9\xa9",
    "\xe7\xa9\xb0",
    "\xe7\xa9\xb4",
    "\xe7\xa9\xb5",
    "\xe7\xa9\xb6",
    "\xe7\xa9\xb7",
    "\xe7\xa9\xb8",
    "\xe7\xa9\xb9",
    "\xe7\xa9\xba",
    "\xe7\xa9\xbf",
    "\xe7\xaa\x81",
    "\xe7\xaa\x83",
    "\xe7\xaa\x84",
    "\xe7\xaa\x88",
    "\xe7\xaa\x8d",
    "\xe7\xaa\x91",
    "\xe7\xaa\x92",
    "\xe7\xaa\x95",
    "\xe7\xaa\x96",
    "\xe7\xaa\x97",
    "\xe7\xaa\x98",
    "\xe7\xaa\x9c",
    "\xe7\xaa\x9d",
    "\xe7\xaa\x9f",
    "\xe7\xaa\xa0",
    "\xe7\xaa\xa5",
    "\xe7\xaa\xa6",
    "\xe7\xaa\xa8",
    "\xe7\xaa\xbf",
    "\xe7\xab\x8b",
    "\xe7\xab\x96",
    "\xe7\xab\x99",
    "\xe7\xab\x9e",
    "\xe7\xab\x9f",
    "\xe7\xab\xa0",
    "\xe7\xab\xa3",
    "\xe7\xab\xa5",
    "\xe7\xab\xad",
    "\xe7\xab\xaf",
    "\xe7\xab\xb6",
    "\xe7\xab\xb9",
    "\xe7\xab\xba",
    "\xe7\xab\xbd",
    "\xe7\xab\xbf",
    "\xe7\xac\x83",
    "\xe7\xac\x86",
    "\xe7\xac\x88",
    "\xe7\xac\x8b",
    "\xe7\xac\x8f",
    "\xe7\xac\x91",
    "\xe7\xac\x94",
    "\xe7\xac\x95",
    "\xe7\xac\x99",
    "\xe7\xac\x9b",
    "\xe7\xac\xa0",
    "\xe7\xac\xa6",
    "\xe7\xac\xa8",
    "\xe7\xac\xab",
    "\xe7\xac\xac",
    "\xe7\xac\xba",
    "\xe7\xac\xbc",
    "\xe7\xad\x86",
    "\xe7\xad\x89",
    "\xe7\xad\x8b",
    "\xe7\xad\x8f",
    "\xe7\xad\x90",
    "\xe7\xad\x91",
    "\xe7\xad\x92",
    "\xe7\xad\x94",
    "\xe7\xad\x96",
    "\xe7\xad\x9b",
    "\xe7\xad\x9d",
    "\xe7\xad\xa0",
    "\xe7\xad\xb1",
    "\xe7\xad\xb5",
    "\xe7\xad\xb7",
    "\xe7\xad\xb9",
    "\xe7\xad\xbe",
    "\xe7\xae\x80",
    "\xe7\xae\x8d",
    "\xe7\xae\x90",
    "\xe7\xae\x94",
    "\xe7\xae\x95",
    "\xe7\xae\x97",
    "\xe7\xae\xa1",
    "\xe7\xae\xa9",
    "\xe7\xae\xab",
    "\xe7\xae\xac",
    "\xe7\xae\xad",
    "\xe7\xae\xb1",
    "\xe7\xae\xb4",
    "\xe7\xae\xb8",
    "\xe7\xaf\x80",
    "\xe7\xaf\x81",
    "\xe7\xaf\x86",
    "\xe7\xaf\x87",
    "\xe7\xaf\x89",
    "\xe7\xaf\x91",
    "\xe7\xaf\x93",
    "\xe7\xaf\x99",
    "\xe7\xaf\x9d",
    "\xe7\xaf\xa1",
    "\xe7\xaf\xa6",
    "\xe7\xaf\xaa",
    "\xe7\xaf\xae",
    "\xe7\xaf\xb1",
    "\xe7\xaf\xb7",
    "\xe7\xb0\x87",
    "\xe7\xb0\x8b",
    "\xe7\xb0\x8c",
    "\xe7\xb0\xa1",
    "\xe7\xb0\xa7",
    "\xe7\xb0\xaa",
    "\xe7\xb0\xb8",
    "\xe7\xb0\xbf",
    "\xe7\xb1\x81",
    "\xe7\xb1\x8d",
    "\xe7\xb1\xa3",
    "\xe7\xb1\xa4",
    "\xe7\xb1\xb3",
    "\xe7\xb1\xbb",
    "\xe7\xb1\xbc",
    "\xe7\xb1\xbd",
    "\xe7\xb2\x89",
    "\xe7\xb2\x91",
    "\xe7\xb2\x92",
    "\xe7\xb2\x95",
    "\xe7\xb2\x97",
    "\xe7\xb2\x98",
    "\xe7\xb2\x9f",
    "\xe7\xb2\xa2",
    "\xe7\xb2\xa4",
    "\xe7\xb2\xa5",
    "\xe7\xb2\xa7",
    "\xe7\xb2\xaa",
    "\xe7\xb2\xae",
    "\xe7\xb2\xb1",
    "\xe7\xb2\xb2",
    "\xe7\xb2\xb3",
    "\xe7\xb2\xb5",
    "\xe7\xb2\xb9",
    "\xe7\xb2\xbc",
    "\xe7\xb2\xbd",
    "\xe7\xb2\xbe",
    "\xe7\xb2\xbf",
    "\xe7\xb3\x81",
    "\xe7\xb3\x85",
    "\xe7\xb3\x8a",
    "\xe7\xb3\x8d",
    "\xe7\xb3\x95",
    "\xe7\xb3\x96",
    "\xe7\xb3\x97",
    "\xe7\xb3\x99",
    "\xe7\xb3\x9c",
    "\xe7\xb3\x9d",
    "\xe7\xb3\x9f",
    "\xe7\xb3\xa0",
    "\xe7\xb3\xaf",
    "\xe7\xb3\xbb",
    "\xe7\xb4\x80",
    "\xe7\xb4\x84",
    "\xe7\xb4\x85",
    "\xe7\xb4\x8a",
    "\xe7\xb4\x8b",
    "\xe7\xb4\x8d",
    "\xe7\xb4\x94",
    "\xe7\xb4\x97",
    "\xe7\xb4\x9a",
    "\xe7\xb4\xa0",
    "\xe7\xb4\xa2",
    "\xe7\xb4\xa7",
    "\xe7\xb4\xab",
    "\xe7\xb4\xaf",
    "\xe7\xb4\xb0",
    "\xe7\xb5\x82",
    "\xe7\xb5\x84",
    "\xe7\xb5\x90",
    "\xe7\xb5\xa1",
    "\xe7\xb5\xa6",
    "\xe7\xb5\xae",
    "\xe7\xb5\xb1",
    "\xe7\xb5\xb2",
    "\xe7\xb5\xb6",
    "\xe7\xb6\x81",
    "\xe7\xb6\x89",
    "\xe7\xb6\x93",
    "\xe7\xb6\xa6",
    "\xe7\xb6\xab",
    "\xe7\xb6\xad",
    "\xe7\xb6\xb1",
    "\xe7\xb6\xb2",
    "\xe7\xb7\x91",
    "\xe7\xb7\x9a",
    "\xe7\xb7\xa3",
    "\xe7\xb7\xaf",
    "\xe7\xb7\xbb",
    "\xe7\xb8\xa3",
    "\xe7\xb8\xab",
    "\xe7\xb8\xae",
    "\xe7\xb9\x81",
    "\xe7\xb9\x94",
    "\xe7\xb9\xa1",
    "\xe7\xb9\xaa",
    "\xe7\xb9\xb9",
    "\xe7\xba\x82",
    "\xe7\xba\x9b",
    "\xe7\xba\xa0",
    "\xe7\xba\xa2",
    "\xe7\xba\xa3",
    "\xe7\xba\xa4",
    "\xe7\xba\xa6",
    "\xe7\xba\xa7",
    "\xe7\xba\xa8",
    "\xe7\xba\xaa",
    "\xe7\xba\xab",
    "\xe7\xba\xac",
    "\xe7\xba\xad",
    "\xe7\xba\xaf",
    "\xe7\xba\xb0",
    "\xe7\xba\xb1",
    "\xe7\xba\xb2",
    "\xe7\xba\xb3",
    "\xe7\xba\xb5",
    "\xe7\xba\xb6",
    "\xe7\xba\xb7",
    "\xe7\xba\xb8",
    "\xe7\xba\xb9",
    "\xe7\xba\xba",
    "\xe7\xba\xbd",
    "\xe7\xba\xbe",
    "\xe7\xba\xbf",
    "\xe7\xbb\x80",
    "\xe7\xbb\x81",
    "\xe7\xbb\x82",
    "\xe7\xbb\x83",
    "\xe7\xbb\x84",
    "\xe7\xbb\x85",
    "\xe7\xbb\x86",
    "\xe7\xbb\x87",
    "\xe7\xbb\x88",
    "\xe7\xbb\x89",
    "\xe7\xbb\x8a",
    "\xe7\xbb\x8b",
    "\xe7\xbb\x8c",
    "\xe7\xbb\x8d",
    "\xe7\xbb\x8e",
    "\xe7\xbb\x8f",
    "\xe7\xbb\x90",
    "\xe7\xbb\x91",
    "\xe7\xbb\x92",
    "\xe7\xbb\x93",
    "\xe7\xbb\x94",
    "\xe7\xbb\x95",
    "\xe7\xbb\x97",
    "\xe7\xbb\x98",
    "\xe7\xbb\x99",
    "\xe7\xbb\x9a",
    "\xe7\xbb\x9b",
    "\xe7\xbb\x9c",
    "\xe7\xbb\x9d",
    "\xe7\xbb\x9e",
    "\xe7\xbb\x9f",
    "\xe7\xbb\xa0",
    "\xe7\xbb\xa1",
    "\xe7\xbb\xa2",
    "\xe7\xbb\xa3",
    "\xe7\xbb\xa5",
    "\xe7\xbb\xa6",
    "\xe7\xbb\xa7",
    "\xe7\xbb\xa8",
    "\xe7\xbb\xa9",
    "\xe7\xbb\xaa",
    "\xe7\xbb\xab",
    "\xe7\xbb\xad",
    "\xe7\xbb\xae",
    "\xe7\xbb\xaf",
    "\xe7\xbb\xb0",
    "\xe7\xbb\xb1",
    "\xe7\xbb\xb2",
    "\xe7\xbb\xb3",
    "\xe7\xbb\xb4",
    "\xe7\xbb\xb5",
    "\xe7\xbb\xb6",
    "\xe7\xbb\xb7",
    "\xe7\xbb\xb8",
    "\xe7\xbb\xba",
    "\xe7\xbb\xbb",
    "\xe7\xbb\xbc",
    "\xe7\xbb\xbd",
    "\xe7\xbb\xbe",
    "\xe7\xbb\xbf",
    "\xe7\xbc\x80",
    "\xe7\xbc\x81",
    "\xe7\xbc\x82",
    "\xe7\xbc\x83",
    "\xe7\xbc\x84",
    "\xe7\xbc\x85",
    "\xe7\xbc\x86",
    "\xe7\xbc\x87",
    "\xe7\xbc\x88",
    "\xe7\xbc\x89",
    "\xe7\xbc\x8e",
    "\xe7\xbc\x90",
    "\xe7\xbc\x93",
    "\xe7\xbc\x94",
    "\xe7\xbc\x95",
    "\xe7\xbc\x96",
    "\xe7\xbc\x98",
    "\xe7\xbc\x99",
    "\xe7\xbc\x9a",
    "\xe7\xbc\x9c",
    "\xe7\xbc\x9d",
    "\xe7\xbc\xa0",
    "\xe7\xbc\xa2",
    "\xe7\xbc\xa4",
    "\xe7\xbc\xa5",
    "\xe7\xbc\xa6",
    "\xe7\xbc\xa8",
    "\xe7\xbc\xa9",
    "\xe7\xbc\xaa",
    "\xe7\xbc\xab",
    "\xe7\xbc\xac",
    "\xe7\xbc\xad",
    "\xe7\xbc\xae",
    "\xe7\xbc\xb0",
    "\xe7\xbc\xb4",
    "\xe7\xbc\xb8",
    "\xe7\xbc\xba",
    "\xe7\xbd\x82",
    "\xe7\xbd\x84",
    "\xe7\xbd\x90",
    "\xe7\xbd\x91",
    "\xe7\xbd\x94",
    "\xe7\xbd\x95",
    "\xe7\xbd\x97",
    "\xe7\xbd\x98",
    "\xe7\xbd\x9a",
    "\xe7\xbd\xa1",
    "\xe7\xbd\xa2",
    "\xe7\xbd\xa9",
    "\xe7\xbd\xaa",
    "\xe7\xbd\xae",
    "\xe7\xbd\xb1",
    "\xe7\xbd\xb2",
    "\xe7\xbd\xb9",
    "\xe7\xbe\x81",
    "\xe7\xbe\x85",
    "\xe7\xbe\x8a",
    "\xe7\xbe\x8c",
    "\xe7\xbe\x8e",
    "\xe7\xbe\x94",
    "\xe7\xbe\x99",
    "\xe7\xbe\x9a",
    "\xe7\xbe\x9e",
    "\xe7\xbe\x9f",
    "\xe7\xbe\xa1",
    "\xe7\xbe\xa4",
    "\xe7\xbe\xa7",
    "\xe7\xbe\xa9",
    "\xe7\xbe\xaf",
    "\xe7\xbe\xb0",
    "\xe7\xbe\xb2",
    "\xe7\xbe\xb8",
    "\xe7\xbe\xb9",
    "\xe7\xbe\xbd",
    "\xe7\xbe\xbf",
    "\xe7\xbf\x81",
    "\xe7\xbf\x85",
    "\xe7\xbf\x8a",
    "\xe7\xbf\x8c",
    "\xe7\xbf\x8e",
    "\xe7\xbf\x8f",
    "\xe7\xbf\x92",
    "\xe7\xbf\x94",
    "\xe7\xbf\x98",
    "\xe7\xbf\x9f",
    "\xe7\xbf\xa0",
    "\xe7\xbf\xa1",
    "\xe7\xbf\xa5",
    "\xe7\xbf\xa6",
    "\xe7\xbf\xa9",
    "\xe7\xbf\xb0",
    "\xe7\xbf\xb1",
    "\xe7\xbf\xb3",
    "\xe7\xbf\xbb",
    "\xe7\xbf\xbc",
    "\xe8\x80\x80",
    "\xe8\x80\x81",
    "\xe8\x80\x83",
    "\xe8\x80\x84",
    "\xe8\x80\x85",
    "\xe8\x80\x86",
    "\xe8\x80\x8c",
    "\xe8\x80\x8d",
    "\xe8\x80\x90",
    "\xe8\x80\x91",
    "\xe8\x80\x92",
    "\xe8\x80\x95",
    "\xe8\x80\x97",
    "\xe8\x80\x98",
    "\xe8\x80\x99",
    "\xe8\x80\x9c",
    "\xe8\x80\xa6",
    "\xe8\x80\xa7",
    "\xe8\x80\xb1",
    "\xe8\x80\xb3",
    "\xe8\x80\xb5",
    "\xe8\x80\xb6",
    "\xe8\x80\xb7",
    "\xe8\x80\xb8",
    "\xe8\x80\xbb",
    "\xe8\x80\xbd",
    "\xe8\x80\xbf",
    "\xe8\x81\x82",
    "\xe8\x81\x86",
    "\xe8\x81\x8a",
    "\xe8\x81\x8b",
    "\xe8\x81\x8c",
    "\xe8\x81\x94",
    "\xe8\x81\x96",
    "\xe8\x81\x98",
    "\xe8\x81\x9a",
    "\xe8\x81\x9e",
    "\xe8\x81\xa8",
    "\xe8\x81\xaa",
    "\xe8\x81\xaf",
    "\xe8\x81\xb2",
    "\xe8\x81\xb7",
    "\xe8\x81\xbf",
    "\xe8\x82\x83",
    "\xe8\x82\x84",
    "\xe8\x82\x86",
    "\xe8\x82\x87",
    "\xe8\x82\x89",
    "\xe8\x82\x8b",
    "\xe8\x82\x8c",
    "\xe8\x82\x93",
    "\xe8\x82\x96",
    "\xe8\x82\x98",
    "\xe8\x82\x9a",
    "\xe8\x82\x9b",
    "\xe8\x82\x9d",
    "\xe8\x82\x9f",
    "\xe8\x82\xa0",
    "\xe8\x82\xa1",
    "\xe8\x82\xa2",
    "\xe8\x82\xa4",
    "\xe8\x82\xa5",
    "\xe8\x82\xa9",
    "\xe8\x82\xaa",
    "\xe8\x82\xae",
    "\xe8\x82\xaf",
    "\xe8\x82\xb1",
    "\xe8\x82\xb2",
    "\xe8\x82\xb4",
    "\xe8\x82\xba",
    "\xe8\x82\xbc",
    "\xe8\x82\xbd",
    "\xe8\x82\xbe",
    "\xe8\x82\xbf",
    "\xe8\x83\x80",
    "\xe8\x83\x81",
    "\xe8\x83\x83",
    "\xe8\x83\x84",
    "\xe8\x83\x86",
    "\xe8\x83\x8c",
    "\xe8\x83\x8d",
    "\xe8\x83\x8e",
    "\xe8\x83\x96",
    "\xe8\x83\x97",
    "\xe8\x83\x9a",
    "\xe8\x83\x9b",
    "\xe8\x83\x9c",
    "\xe8\x83\x9e",
    "\xe8\x83\xa1",
    "\xe8\x83\xa4",
    "\xe8\x83\xa5",
    "\xe8\x83\xa7",
    "\xe8\x83\xaa",
    "\xe8\x83\xab",
    "\xe8\x83\xac",
    "\xe8\x83\xad",
    "\xe8\x83\xaf",
    "\xe8\x83\xb0",
    "\xe8\x83\xb1",
    "\xe8\x83\xb3",
    "\xe8\x83\xb4",
    "\xe8\x83\xb6",
    "\xe8\x83\xb8",
    "\xe8\x83\xba",
    "\xe8\x83\xbd",
    "\xe8\x84\x82",
    "\xe8\x84\x86",
    "\xe8\x84\x89",
    "\xe8\x84\x8a",
    "\xe8\x84\x8d",
    "\xe8\x84\x8f",
    "\xe8\x84\x90",
    "\xe8\x84\x91",
    "\xe8\x84\x92",
    "\xe8\x84\x93",
    "\xe8\x84\x96",
    "\xe8\x84\x98",
    "\xe8\x84\x9a",
    "\xe8\x84\xaf",
    "\xe8\x84\xb1",
    "\xe8\x84\xb2",
    "\xe8\x84\xb8",
    "\xe8\x84\xbe",
    "\xe8\x85\x86",
    "\xe8\x85\x88",
    "\xe8\x85\x8a",
    "\xe8\x85\x8b",
    "\xe8\x85\x8c",
    "\xe8\x85\x90",
    "\xe8\x85\x91",
    "\xe8\x85\x93",
    "\xe8\x85\x94",
    "\xe8\x85\x95",
    "\xe8\x85\xa5",
    "\xe8\x85\xa6",
    "\xe8\x85\xa9",
    "\xe8\x85\xad",
    "\xe8\x85\xae",
    "\xe8\x85\xb0",
    "\xe8\x85\xb1",
    "\xe8\x85\xb4",
    "\xe8\x85\xb8",
    "\xe8\x85\xb9",
    "\xe8\x85\xba",
    "\xe8\x85\xbb",
    "\xe8\x85\xbc",
    "\xe8\x85\xbe",
    "\xe8\x85\xbf",
    "\xe8\x86\x80",
    "\xe8\x86\x88",
    "\xe8\x86\x8a",
    "\xe8\x86\x8f",
    "\xe8\x86\x98",
    "\xe8\x86\x9a",
    "\xe8\x86\x9b",
    "\xe8\x86\x9c",
    "\xe8\x86\x9d",
    "\xe8\x86\xa0",
    "\xe8\x86\xa6",
    "\xe8\x86\xa8",
    "\xe8\x86\xb3",
    "\xe8\x86\xba",
    "\xe8\x86\xbb",
    "\xe8\x87\x80",
    "\xe8\x87\x82",
    "\xe8\x87\x83",
    "\xe8\x87\x86",
    "\xe8\x87\x8a",
    "\xe8\x87\xa3",
    "\xe8\x87\xa7",
    "\xe8\x87\xa8",
    "\xe8\x87\xaa",
    "\xe8\x87\xad",
    "\xe8\x87\xb3",
    "\xe8\x87\xb4",
    "\xe8\x87\xba",
    "\xe8\x87\xbb",
    "\xe8\x87\xbc",
    "\xe8\x87\xbe",
    "\xe8\x88\x80",
    "\xe8\x88\x85",
    "\xe8\x88\x86",
    "\xe8\x88\x87",
    "\xe8\x88\x88",
    "\xe8\x88\x8a",
    "\xe8\x88\x8c",
    "\xe8\x88\x8d",
    "\xe8\x88\x92",
    "\xe8\x88\x94",
    "\xe8\x88\x96",
    "\xe8\x88\x9b",
    "\xe8\x88\x9c",
    "\xe8\x88\x9e",
    "\xe8\x88\x9f",
    "\xe8\x88\xaa",
    "\xe8\x88\xab",
    "\xe8\x88\xac",
    "\xe8\x88\xb0",
    "\xe8\x88\xb1",
    "\xe8\x88\xb5",
    "\xe8\x88\xb6",
    "\xe8\x88\xb7",
    "\xe8\x88\xb8",
    "\xe8\x88\xb9",
    "\xe8\x89\x84",
    "\xe8\x89\x87",
    "\xe8\x89\x98",
    "\xe8\x89\xa6",
    "\xe8\x89\xae",
    "\xe8\x89\xaf",
    "\xe8\x89\xb0",
    "\xe8\x89\xb2",
    "\xe8\x89\xb3",
    "\xe8\x89\xb6",
    "\xe8\x89\xb7",
    "\xe8\x89\xb9",
    "\xe8\x89\xba",
    "\xe8\x89\xbe",
    "\xe8\x89\xbf",
    "\xe8\x8a\x82",
    "\xe8\x8a\x83",
    "\xe8\x8a\x8a",
    "\xe8\x8a\x8b",
    "\xe8\x8a\x8d",
    "\xe8\x8a\x8e",
    "\xe8\x8a\x92",
    "\xe8\x8a\x97",
    "\xe8\x8a\x98",
    "\xe8\x8a\x99",
    "\xe8\x8a\x9c",
    "\xe8\x8a\x9d",
    "\xe8\x8a\xa1",
    "\xe8\x8a\xa5",
    "\xe8\x8a\xa6",
    "\xe8\x8a\xa9",
    "\xe8\x8a\xaa",
    "\xe8\x8a\xab",
    "\xe8\x8a\xac",
    "\xe8\x8a\xad",
    "\xe8\x8a\xae",
    "\xe8\x8a\xaf",
    "\xe8\x8a\xb1",
    "\xe8\x8a\xb3",
    "\xe8\x8a\xb7",
    "\xe8\x8a\xb8",
    "\xe8\x8a\xb9",
    "\xe8\x8a\xbd",
    "\xe8\x8a\xbe",
    "\xe8\x8b\x81",
    "\xe8\x8b\x84",
    "\xe8\x8b\x87",
    "\xe8\x8b\x8b",
    "\xe8\x8b\x8d",
    "\xe8\x8b\x8e",
    "\xe8\x8b\x8f",
    "\xe8\x8b\x91",
    "\xe8\x8b\x92",
    "\xe8\x8b\x93",
    "\xe8\x8b\x94",
    "\xe8\x8b\x95",
    "\xe8\x8b\x97",
    "\xe8\x8b\x98",
    "\xe8\x8b\x9b",
    "\xe8\x8b\x9c",
    "\xe8\x8b\x9d",
    "\xe8\x8b\x9e",
    "\xe8\x8b\x9f",
    "\xe8\x8b\xa1",
    "\xe8\x8b\xa3",
    "\xe8\x8b\xa5",
    "\xe8\x8b\xa6",
    "\xe8\x8b\xaa",
    "\xe8\x8b\xab",
    "\xe8\x8b\xaf",
    "\xe8\x8b\xb1",
    "\xe8\x8b\xb4",
    "\xe8\x8b\xb7",
    "\xe8\x8b\xb9",
    "\xe8\x8c\x81",
    "\xe8\x8c\x82",
    "\xe8\x8c\x83",
    "\xe8\x8c\x84",
    "\xe8\x8c\x85",
    "\xe8\x8c\x86",
    "\xe8\x8c\x89",
    "\xe8\x8c\x8c",
    "\xe8\x8c\x8e",
    "\xe8\x8c\x8f",
    "\xe8\x8c\x97",
    "\xe8\x8c\x9c",
    "\xe8\x8c\xa7",
    "\xe8\x8c\xa8",
    "\xe8\x8c\xab",
    "\xe8\x8c\xac",
    "\xe8\x8c\xad",
    "\xe8\x8c\xaf",
    "\xe8\x8c\xb1",
    "\xe8\x8c\xb4",
    "\xe8\x8c\xb5",
    "\xe8\x8c\xb6",
    "\xe8\x8c\xb8",
    "\xe8\x8c\xb9",
    "\xe8\x8c\xbc",
    "\xe8\x8d\x80",
    "\xe8\x8d\x83",
    "\xe8\x8d\x86",
    "\xe8\x8d\x89",
    "\xe8\x8d\x8f",
    "\xe8\x8d\x90",
    "\xe8\x8d\x92",
    "\xe8\x8d\x94",
    "\xe8\x8d\x98",
    "\xe8\x8d\x9a",
    "\xe8\x8d\x9e",
    "\xe8\x8d\x9f",
    "\xe8\x8d\xa0",
    "\xe8\x8d\xa1",
    "\xe8\x8d\xa3",
    "\xe8\x8d\xa4",
    "\xe8\x8d\xa5",
    "\xe8\x8d\xa7",
    "\xe8\x8d\xa8",
    "\xe8\x8d\xaa",
    "\xe8\x8d\xab",
    "\xe8\x8d\xac",
    "\xe8\x8d\xad",
    "\xe8\x8d\xaf",
    "\xe8\x8d\xb7",
    "\xe8\x8d\xb8",
    "\xe8\x8d\xbb",
    "\xe8\x8d\xbc",
    "\xe8\x8d\xbd",
    "\xe8\x8e\x85",
    "\xe8\x8e\x86",
    "\xe8\x8e\x89",
    "\xe8\x8e\x8a",
    "\xe8\x8e\x8e",
    "\xe8\x8e\x92",
    "\xe8\x8e\x93",
    "\xe8\x8e\x98",
    "\xe8\x8e\x9c",
    "\xe8\x8e\x9e",
    "\xe8\x8e\xa0",
    "\xe8\x8e\xa8",
    "\xe8\x8e\xaa",
    "\xe8\x8e\xab",
    "\xe8\x8e\xb1",
    "\xe8\x8e\xb2",
    "\xe8\x8e\xb3",
    "\xe8\x8e\xb4",
    "\xe8\x8e\xb7",
    "\xe8\x8e\xb9",
    "\xe8\x8e\xba",
    "\xe8\x8e\xbc",
    "\xe8\x8e\xbd",
    "\xe8\x8f\x80",
    "\xe8\x8f\x81",
    "\xe8\x8f\x85",
    "\xe8\x8f\x87",
    "\xe8\x8f\x8a",
    "\xe8\x8f\x8c",
    "\xe8\x8f\x8f",
    "\xe8\x8f\x93",
    "\xe8\x8f\x96",
    "\xe8\x8f\x98",
    "\xe8\x8f\x9c",
    "\xe8\x8f\x9f",
    "\xe8\x8f\xa0",
    "\xe8\x8f\xa1",
    "\xe8\x8f\xa9",
    "\xe8\x8f\xaa",
    "\xe8\x8f\xaf",
    "\xe8\x8f\xb1",
    "\xe8\x8f\xb2",
    "\xe8\x8f\xbd",
    "\xe8\x90\x81",
    "\xe8\x90\x83",
    "\xe8\x90\x84",
    "\xe8\x90\x8a",
    "\xe8\x90\x8b",
    "\xe8\x90\x8c",
    "\xe8\x90\x8d",
    "\xe8\x90\x8e",
    "\xe8\x90\x98",
    "\xe8\x90\x9c",
    "\xe8\x90\x9d",
    "\xe8\x90\xa4",
    "\xe8\x90\xa5",
    "\xe8\x90\xa6",
    "\xe8\x90\xa7",
    "\xe8\x90\xa8",
    "\xe8\x90\xac",
    "\xe8\x90\xad",
    "\xe8\x90\xb1",
    "\xe8\x90\xb8",
    "\xe8\x90\xbc",
    "\xe8\x90\xbd",
    "\xe8\x91\x86",
    "\xe8\x91\x89",
    "\xe8\x91\x91",
    "\xe8\x91\x92",
    "\xe8\x91\x97",
    "\xe8\x91\x9b",
    "\xe8\x91\xa1",
    "\xe8\x91\xa3",
    "\xe8\x91\xa9",
    "\xe8\x91\xab",
    "\xe8\x91\xac",
    "\xe8\x91\xad",
    "\xe8\x91\xb1",
    "\xe8\x91\xb3",
    "\xe8\x91\xb5",
    "\xe8\x91\xba",
    "\xe8\x92\x82",
    "\xe8\x92\x84",
    "\xe8\x92\x8b",
    "\xe8\x92\x8c",
    "\xe8\x92\x99",
    "\xe8\x92\x9c",
    "\xe8\x92\x9f",
    "\xe8\x92\xa1",
    "\xe8\x92\xa4",
    "\xe8\x92\xb2",
    "\xe8\x92\xb8",
    "\xe8\x92\xbb",
    "\xe8\x92\xbd",
    "\xe8\x92\xbf",
    "\xe8\x93\x84",
    "\xe8\x93\x89",
    "\xe8\x93\x8b",
    "\xe8\x93\x91",
    "\xe8\x93\x93",
    "\xe8\x93\x96",
    "\xe8\x93\x9d",
    "\xe8\x93\x9f",
    "\xe8\x93\xa5",
    "\xe8\x93\xa6",
    "\xe8\x93\xac",
    "\xe8\x93\xae",
    "\xe8\x93\xbc",
    "\xe8\x93\xbf",
    "\xe8\x94\x91",
    "\xe8\x94\x93",
    "\xe8\x94\x97",
    "\xe8\x94\x9a",
    "\xe8\x94\x9f",
    "\xe8\x94\xa1",
    "\xe8\x94\xab",
    "\xe8\x94\xac",
    "\xe8\x94\xb7",
    "\xe8\x94\xb8",
    "\xe8\x94\xba",
    "\xe8\x94\xbb",
    "\xe8\x94\xbc",
    "\xe8\x94\xbd",
    "\xe8\x95\x83",
    "\xe8\x95\x88",
    "\xe8\x95\x89",
    "\xe8\x95\x8a",
    "\xe8\x95\x92",
    "\xe8\x95\x99",
    "\xe8\x95\xa4",
    "\xe8\x95\xa8",
    "\xe8\x95\xb2",
    "\xe8\x95\xb4",
    "\xe8\x95\xb9",
    "\xe8\x95\xbe",
    "\xe8\x96\x84",
    "\xe8\x96\x87",
    "\xe8\x96\x88",
    "\xe8\x96\x8f",
    "\xe8\x96\x9b",
    "\xe8\x96\xa1",
    "\xe8\x96\xa6",
    "\xe8\x96\xa9",
    "\xe8\x96\xaa",
    "\xe8\x96\xac",
    "\xe8\x96\xaf",
    "\xe8\x96\xb0",
    "\xe8\x96\xb9",
    "\xe8\x97\x81",
    "\xe8\x97\x89",
    "\xe8\x97\x8d",
    "\xe8\x97\x8f",
    "\xe8\x97\x90",
    "\xe8\x97\x93",
    "\xe8\x97\x94",
    "\xe8\x97\x95",
    "\xe8\x97\x9c",
    "\xe8\x97\x9d",
    "\xe8\x97\xa4",
    "\xe8\x97\xa5",
    "\xe8\x97\xa9",
    "\xe8\x97\xbb",
    "\xe8\x97\xbf",
    "\xe8\x98\x86",
    "\xe8\x98\x87",
    "\xe8\x98\x91",
    "\xe8\x98\x96",
    "\xe8\x98\xad",
    "\xe8\x98\xb8",
    "\xe8\x98\xbc",
    "\xe8\x99\x8e",
    "\xe8\x99\x8f",
    "\xe8\x99\x90",
    "\xe8\x99\x91",
    "\xe8\x99\x94",
    "\xe8\x99\x95",
    "\xe8\x99\x9a",
    "\xe8\x99\x9e",
    "\xe8\x99\x9f",
    "\xe8\x99\xa2",
    "\xe8\x99\xab",
    "\xe8\x99\xac",
    "\xe8\x99\xb1",
    "\xe8\x99\xb9",
    "\xe8\x99\xbb",
    "\xe8\x99\xbd",
    "\xe8\x99\xbe",
    "\xe8\x9a\x80",
    "\xe8\x9a\x81",
    "\xe8\x9a\x82",
    "\xe8\x9a\x8a",
    "\xe8\x9a\x8c",
    "\xe8\x9a\x93",
    "\xe8\x9a\x95",
    "\xe8\x9a\x9c",
    "\xe8\x9a\x9d",
    "\xe8\x9a\xa3",
    "\xe8\x9a\xa4",
    "\xe8\x9a\xa7",
    "\xe8\x9a\xa8",
    "\xe8\x9a\xa9",
    "\xe8\x9a\xaa",
    "\xe8\x9a\xac",
    "\xe8\x9a\xaf",
    "\xe8\x9a\xb1",
    "\xe8\x9a\xb4",
    "\xe8\x9a\xb6",
    "\xe8\x9b\x80",
    "\xe8\x9b\x86",
    "\xe8\x9b\x87",
    "\xe8\x9b\x8a",
    "\xe8\x9b\x8b",
    "\xe8\x9b\x8e",
    "\xe8\x9b\x8f",
    "\xe8\x9b\x90",
    "\xe8\x9b\x94",
    "\xe8\x9b\x99",
    "\xe8\x9b\x9b",
    "\xe8\x9b\x9f",
    "\xe8\x9b\xa4",
    "\xe8\x9b\xad",
    "\xe8\x9b\xae",
    "\xe8\x9b\xb0",
    "\xe8\x9b\xb3",
    "\xe8\x9b\xb4",
    "\xe8\x9b\xb9",
    "\xe8\x9b\xbe",
    "\xe8\x9c\x80",
    "\xe8\x9c\x82",
    "\xe8\x9c\x83",
    "\xe8\x9c\x87",
    "\xe8\x9c\x88",
    "\xe8\x9c\x8a",
    "\xe8\x9c\x8d",
    "\xe8\x9c\x92",
    "\xe8\x9c\x93",
    "\xe8\x9c\x95",
    "\xe8\x9c\x97",
    "\xe8\x9c\x98",
    "\xe8\x9c\x9a",
    "\xe8\x9c\x9b",
    "\xe8\x9c\x9c",
    "\xe8\x9c\xa1",
    "\xe8\x9c\xa5",
    "\xe8\x9c\xb1",
    "\xe8\x9c\xb4",
    "\xe8\x9c\xb7",
    "\xe8\x9c\xbb",
    "\xe8\x9c\xbf",
    "\xe8\x9d\x87",
    "\xe8\x9d\x88",
    "\xe8\x9d\x89",
    "\xe8\x9d\x8c",
    "\xe8\x9d\x8e",
    "\xe8\x9d\x97",
    "\xe8\x9d\x99",
    "\xe8\x9d\xa0",
    "\xe8\x9d\xb4",
    "\xe8\x9d\xb6",
    "\xe8\x9d\xbd",
    "\xe8\x9d\xbe",
    "\xe8\x9e\x82",
    "\xe8\x9e\x83",
    "\xe8\x9e\x88",
    "\xe8\x9e\x8d",
    "\xe8\x9e\x9f",
    "\xe8\x9e\xa8",
    "\xe8\x9e\xaf",
    "\xe8\x9e\xb3",
    "\xe8\x9e\xba",
    "\xe8\x9f\x80",
    "\xe8\x9f\x86",
    "\xe8\x9f\x8b",
    "\xe8\x9f\x91",
    "\xe8\x9f\x92",
    "\xe8\x9f\xa0",
    "\xe8\x9f\xb9",
    "\xe8\x9f\xbe",
    "\xe8\xa0\x84",
    "\xe8\xa0\x93",
    "\xe8\xa0\x94",
    "\xe8\xa0\x95",
    "\xe8\xa0\x96",
    "\xe8\xa0\xa1",
    "\xe8\xa0\xa2",
    "\xe8\xa0\xb9",
    "\xe8\xa1\x80",
    "\xe8\xa1\x85",
    "\xe8\xa1\x86",
    "\xe8\xa1\x8c",
    "\xe8\xa1\x8d",
    "\xe8\xa1\x93",
    "\xe8\xa1\x94",
    "\xe8\xa1\x97",
    "\xe8\xa1\x99",
    "\xe8\xa1\x9b",
    "\xe8\xa1\xa1",
    "\xe8\xa1\xa2",
    "\xe8\xa1\xa3",
    "\xe8\xa1\xa5",
    "\xe8\xa1\xa8",
    "\xe8\xa1\xa9",
    "\xe8\xa1\xab",
    "\xe8\xa1\xac",
    "\xe8\xa1\xae",
    "\xe8\xa1\xb0",
    "\xe8\xa1\xb2",
    "\xe8\xa1\xb7",
    "\xe8\xa1\xbe",
    "\xe8\xa1\xbf",
    "\xe8\xa2\x81",
    "\xe8\xa2\x82",
    "\xe8\xa2\x84",
    "\xe8\xa2\x85",
    "\xe8\xa2\x86",
    "\xe8\xa2\x88",
    "\xe8\xa2\x8b",
    "\xe8\xa2\x8d",
    "\xe8\xa2\x92",
    "\xe8\xa2\x96",
    "\xe8\xa2\x9c",
    "\xe8\xa2\xa4",
    "\xe8\xa2\xaa",
    "\xe8\xa2\xab",
    "\xe8\xa2\xad",
    "\xe8\xa2\xb1",
    "\xe8\xa3\x81",
    "\xe8\xa3\x82",
    "\xe8\xa3\x85",
    "\xe8\xa3\x86",
    "\xe8\xa3\x94",
    "\xe8\xa3\x95",
    "\xe8\xa3\x98",
    "\xe8\xa3\x99",
    "\xe8\xa3\x9c",
    "\xe8\xa3\x9d",
    "\xe8\xa3\x9f",
    "\xe8\xa3\xa1",
    "\xe8\xa3\xa4",
    "\xe8\xa3\xa8",
    "\xe8\xa3\xb1",
    "\xe8\xa3\xb3",
    "\xe8\xa3\xb4",
    "\xe8\xa3\xb8",
    "\xe8\xa3\xb9",
    "\xe8\xa3\xbd",
    "\xe8\xa4\x80",
    "\xe8\xa4\x82",
    "\xe8\xa4\x87",
    "\xe8\xa4\x90",
    "\xe8\xa4\x92",
    "\xe8\xa4\x93",
    "\xe8\xa4\x94",
    "\xe8\xa4\x9a",
    "\xe8\xa4\xa5",
    "\xe8\xa4\xaa",
    "\xe8\xa4\xb0",
    "\xe8\xa4\xb2",
    "\xe8\xa4\xb6",
    "\xe8\xa5\x81",
    "\xe8\xa5\x84",
    "\xe8\xa5\x9f",
    "\xe8\xa5\xbf",
    "\xe8\xa6\x81",
    "\xe8\xa6\x83",
    "\xe8\xa6\x86",
    "\xe8\xa6\x8b",
    "\xe8\xa6\x8c",
    "\xe8\xa6\x96",
    "\xe8\xa6\xaa",
    "\xe8\xa6\xba",
    "\xe8\xa7\x80",
    "\xe8\xa7\x81",
    "\xe8\xa7\x82",
    "\xe8\xa7\x84",
    "\xe8\xa7\x85",
    "\xe8\xa7\x86",
    "\xe8\xa7\x87",
    "\xe8\xa7\x88",
    "\xe8\xa7\x89",
    "\xe8\xa7\x8a",
    "\xe8\xa7\x8e",
    "\xe8\xa7\x90",
    "\xe8\xa7\x91",
    "\xe8\xa7\x92",
    "\xe8\xa7\x9e",
    "\xe8\xa7\xa3",
    "\xe8\xa7\xa6",
    "\xe8\xa7\xb8",
    "\xe8\xa8\x80",
    "\xe8\xa8\x82",
    "\xe8\xa8\x88",
    "\xe8\xa8\x8a",
    "\xe8\xa8\x93",
    "\xe8\xa8\x98",
    "\xe8\xa8\xa3",
    "\xe8\xa8\xad",
    "\xe8\xa8\xb1",
    "\xe8\xa8\xba",
    "\xe8\xa8\xbe",
    "\xe8\xa9\xa2",
    "\xe8\xa9\xa6",
    "\xe8\xa9\xa9",
    "\xe8\xa9\xb1",
    "\xe8\xa9\xb2",
    "\xe8\xa9\xb9",
    "\xe8\xaa\x89",
    "\xe8\xaa\x8a",
    "\xe8\xaa\x8c",
    "\xe8\xaa\x93",
    "\xe8\xaa\x98",
    "\xe8\xaa\x9e",
    "\xe8\xaa\xa0",
    "\xe8\xaa\xac",
    "\xe8\xaa\xb2",
    "\xe8\xaa\xbf",
    "\xe8\xab\xbe",
    "\xe8\xac\x87",
    "\xe8\xac\x9b",
    "\xe8\xac\xa2",
    "\xe8\xac\xb9",
    "\xe8\xad\x89",
    "\xe8\xad\x98",
    "\xe8\xad\x9c",
    "\xe8\xad\xa6",
    "\xe8\xad\xac",
    "\xe8\xad\xb7",
    "\xe8\xae\x80",
    "\xe8\xae\x8a",
    "\xe8\xae\xa1",
    "\xe8\xae\xa2",
    "\xe8\xae\xa3",
    "\xe8\xae\xa4",
    "\xe8\xae\xa5",
    "\xe8\xae\xa8",
    "\xe8\xae\xa9",
    "\xe8\xae\xaa",
    "\xe8\xae\xab",
    "\xe8\xae\xad",
    "\xe8\xae\xae",
    "\xe8\xae\xaf",
    "\xe8\xae\xb0",
    "\xe8\xae\xb2",
    "\xe8\xae\xb3",
    "\xe8\xae\xb4",
    "\xe8\xae\xb6",
    "\xe8\xae\xb7",
    "\xe8\xae\xb8",
    "\xe8\xae\xb9",
    "\xe8\xae\xba",
    "\xe8\xae\xbc",
    "\xe8\xae\xbd",
    "\xe8\xae\xbe",
    "\xe8\xae\xbf",
    "\xe8\xaf\x80",
    "\xe8\xaf\x81",
    "\xe8\xaf\x83",
    "\xe8\xaf\x84",
    "\xe8\xaf\x85",
    "\xe8\xaf\x86",
    "\xe8\xaf\x88",
    "\xe8\xaf\x89",
    "\xe8\xaf\x8a",
    "\xe8\xaf\x8b",
    "\xe8\xaf\x8d",
    "\xe8\xaf\x8f",
    "\xe8\xaf\x91",
    "\xe8\xaf\x92",
    "\xe8\xaf\x95",
    "\xe8\xaf\x97",
    "\xe8\xaf\x98",
    "\xe8\xaf\x99",
    "\xe8\xaf\x9a",
    "\xe8\xaf\x9b",
    "\xe8\xaf\x9d",
    "\xe8\xaf\x9e",
    "\xe8\xaf\x9f",
    "\xe8\xaf\xa0",
    "\xe8\xaf\xa1",
    "\xe8\xaf\xa2",
    "\xe8\xaf\xa3",
    "\xe8\xaf\xa4",
    "\xe8\xaf\xa5",
    "\xe8\xaf\xa6",
    "\xe8\xaf\xa7",
    "\xe8\xaf\xa9",
    "\xe8\xaf\xab",
    "\xe8\xaf\xac",
    "\xe8\xaf\xad",
    "\xe8\xaf\xaf",
    "\xe8\xaf\xb0",
    "\xe8\xaf\xb1",
    "\xe8\xaf\xb2",
    "\xe8\xaf\xb4",
    "\xe8\xaf\xb5",
    "\xe8\xaf\xb7",
    "\xe8\xaf\xb8",
    "\xe8\xaf\xba",
    "\xe8\xaf\xbb",
    "\xe8\xaf\xbd",
    "\xe8\xaf\xbe",
    "\xe8\xaf\xbf",
    "\xe8\xb0\x80",
    "\xe8\xb0\x81",
    "\xe8\xb0\x83",
    "\xe8\xb0\x84",
    "\xe8\xb0\x85",
    "\xe8\xb0\x86",
    "\xe8\xb0\x88",
    "\xe8\xb0\x8a",
    "\xe8\xb0\x8b",
    "\xe8\xb0\x8c",
    "\xe8\xb0\x8d",
    "\xe8\xb0\x8e",
    "\xe8\xb0\x8f",
    "\xe8\xb0\x90",
    "\xe8\xb0\x91",
    "\xe8\xb0\x92",
    "\xe8\xb0\x93",
    "\xe8\xb0\x94",
    "\xe8\xb0\x95",
    "\xe8\xb0\x97",
    "\xe8\xb0\x99",
    "\xe8\xb0\x9a",
    "\xe8\xb0\x9b",
    "\xe8\xb0\x9c",
    "\xe8\xb0\x9f",
    "\xe8\xb0\xa1",
    "\xe8\xb0\xa2",
    "\xe8\xb0\xa3",
    "\xe8\xb0\xa4",
    "\xe8\xb0\xa5",
    "\xe8\xb0\xa6",
    "\xe8\xb0\xa7",
    "\xe8\xb0\xa8",
    "\xe8\xb0\xa9",
    "\xe8\xb0\xaa",
    "\xe8\xb0\xac",
    "\xe8\xb0\xad",
    "\xe8\xb0\xaf",
    "\xe8\xb0\xb0",
    "\xe8\xb0\xb1",
    "\xe8\xb0\xb4",
    "\xe8\xb0\xb7",
    "\xe8\xb1\x81",
    "\xe8\xb1\x86",
    "\xe8\xb1\x87",
    "\xe8\xb1\x89",
    "\xe8\xb1\x8a",
    "\xe8\xb1\x8c",
    "\xe8\xb1\x90",
    "\xe8\xb1\x95",
    "\xe8\xb1\x9a",
    "\xe8\xb1\xa1",
    "\xe8\xb1\xaa",
    "\xe8\xb1\xab",
    "\xe8\xb1\xb9",
    "\xe8\xb1\xba",
    "\xe8\xb2\x82",
    "\xe8\xb2\x85",
    "\xe8\xb2\x89",
    "\xe8\xb2\x8a",
    "\xe8\xb2\x8c",
    "\xe8\xb2\x94",
    "\xe8\xb2\x9d",
    "\xe8\xb2\xa0",
    "\xe8\xb2\xa1",
    "\xe8\xb2\xa2",
    "\xe8\xb2\xa8",
    "\xe8\xb2\xa9",
    "\xe8\xb2\xad",
    "\xe8\xb2\xb4",
    "\xe8\xb2\xb7",
    "\xe8\xb2\xbb",
    "\xe8\xb2\xbc",
    "\xe8\xb2\xbf",
    "\xe8\xb3\x80",
    "\xe8\xb3\x93",
    "\xe8\xb3\xa0",
    "\xe8\xb3\xa3",
    "\xe8\xb3\xaa",
    "\xe8\xb3\xb4",
    "\xe8\xb3\xbc",
    "\xe8\xb4\x88",
    "\xe8\xb4\x8f",
    "\xe8\xb4\x9d",
    "\xe8\xb4\x9e",
    "\xe8\xb4\x9f",
    "\xe8\xb4\xa1",
    "\xe8\xb4\xa2",
    "\xe8\xb4\xa3",
    "\xe8\xb4\xa4",
    "\xe8\xb4\xa5",
    "\xe8\xb4\xa6",
    "\xe8\xb4\xa7",
    "\xe8\xb4\xa8",
    "\xe8\xb4\xa9",
    "\xe8\xb4\xaa",
    "\xe8\xb4\xab",
    "\xe8\xb4\xac",
    "\xe8\xb4\xad",
    "\xe8\xb4\xae",
    "\xe8\xb4\xaf",
    "\xe8\xb4\xb0",
    "\xe8\xb4\xb1",
    "\xe8\xb4\xb2",
    "\xe8\xb4\xb4",
    "\xe8\xb4\xb5",
    "\xe8\xb4\xb7",
    "\xe8\xb4\xb8",
    "\xe8\xb4\xb9",
    "\xe8\xb4\xba",
    "\xe8\xb4\xbb",
    "\xe8\xb4\xbc",
    "\xe8\xb4\xbe",
    "\xe8\xb4\xbf",
    "\xe8\xb5\x81",
    "\xe8\xb5\x82",
    "\xe8\xb5\x83",
    "\xe8\xb5\x84",
    "\xe8\xb5\x85",
    "\xe8\xb5\x88",
    "\xe8\xb5\x89",
    "\xe8\xb5\x8a",
    "\xe8\xb5\x8b",
    "\xe8\xb5\x8c",
    "\xe8\xb5\x8e",
    "\xe8\xb5\x8f",
    "\xe8\xb5\x90",
    "\xe8\xb5\x93",
    "\xe8\xb5\x94",
    "\xe8\xb5\x96",
    "\xe8\xb5\x98",
    "\xe8\xb5\x9a",
    "\xe8\xb5\x9b",
    "\xe8\xb5\x9d",
    "\xe8\xb5\x9e",
    "\xe8\xb5\xa0",
    "\xe8\xb5\xa1",
    "\xe8\xb5\xa2",
    "\xe8\xb5\xa3",
    "\xe8\xb5\xa4",
    "\xe8\xb5\xa6",
    "\xe8\xb5\xab",
    "\xe8\xb5\xad",
    "\xe8\xb5\xb0",
    "\xe8\xb5\xb3",
    "\xe8\xb5\xb4",
    "\xe8\xb5\xb5",
    "\xe8\xb5\xb6",
    "\xe8\xb5\xb7",
    "\xe8\xb6\x81",
    "\xe8\xb6\x85",
    "\xe8\xb6\x8a",
    "\xe8\xb6\x8b",
    "\xe8\xb6\x99",
    "\xe8\xb6\x9f",
    "\xe8\xb6\xa3",
    "\xe8\xb6\xb3",
    "\xe8\xb6\xb4",
    "\xe8\xb6\xb5",
    "\xe8\xb6\xb8",
    "\xe8\xb6\xbe",
    "\xe8\xb7\x83",
    "\xe8\xb7\x84",
    "\xe8\xb7\x86",
    "\xe8\xb7\x8b",
    "\xe8\xb7\x8c",
    "\xe8\xb7\x8e",
    "\xe8\xb7\x91",
    "\xe8\xb7\x96",
    "\xe8\xb7\x9a",
    "\xe8\xb7\x9b",
    "\xe8\xb7\x9d",
    "\xe8\xb7\x9f",
    "\xe8\xb7\xa4",
    "\xe8\xb7\xa8",
    "\xe8\xb7\xaa",
    "\xe8\xb7\xaf",
    "\xe8\xb7\xb3",
    "\xe8\xb7\xb5",
    "\xe8\xb7\xb7",
    "\xe8\xb7\xba",
    "\xe8\xb7\xbb",
    "\xe8\xb8\x89",
    "\xe8\xb8\x8a",
    "\xe8\xb8\x8c",
    "\xe8\xb8\x8f",
    "\xe8\xb8\x9d",
    "\xe8\xb8\x9e",
    "\xe8\xb8\xa2",
    "\xe8\xb8\xa9",
    "\xe8\xb8\xaa",
    "\xe8\xb8\xae",
    "\xe8\xb8\xb1",
    "\xe8\xb8\xb5",
    "\xe8\xb8\xb9",
    "\xe8\xb9\x82",
    "\xe8\xb9\x84",
    "\xe8\xb9\x87",
    "\xe8\xb9\x88",
    "\xe8\xb9\x89",
    "\xe8\xb9\x8a",
    "\xe8\xb9\x8b",
    "\xe8\xb9\x91",
    "\xe8\xb9\x92",
    "\xe8\xb9\x99",
    "\xe8\xb9\xa6",
    "\xe8\xb9\xac",
    "\xe8\xb9\xad",
    "\xe8\xb9\xb2",
    "\xe8\xb9\xb4",
    "\xe8\xb9\xb6",
    "\xe8\xb9\xbc",
    "\xe8\xb9\xbf",
    "\xe8\xba\x81",
    "\xe8\xba\x87",
    "\xe8\xba\x8f",
    "\xe8\xba\xab",
    "\xe8\xba\xac",
    "\xe8\xba\xaf",
    "\xe8\xba\xb2",
    "\xe8\xba\xba",
    "\xe8\xbb\x8a",
    "\xe8\xbb\x8d",
    "\xe8\xbb\x8e",
    "\xe8\xbb\x92",
    "\xe8\xbb\xbd",
    "\xe8\xbc\x89",
    "\xe8\xbc\x95",
    "\xe8\xbc\x9d",
    "\xe8\xbc\xaa",
    "\xe8\xbc\xaf",
    "\xe8\xbc\xb8",
    "\xe8\xbd\x89",
    "\xe8\xbd\xa6",
    "\xe8\xbd\xa7",
    "\xe8\xbd\xa8",
    "\xe8\xbd\xa9",
    "\xe8\xbd\xac",
    "\xe8\xbd\xad",
    "\xe8\xbd\xae",
    "\xe8\xbd\xaf",
    "\xe8\xbd\xb0",
    "\xe8\xbd\xb1",
    "\xe8\xbd\xb2",
    "\xe8\xbd\xb4",
    "\xe8\xbd\xb6",
    "\xe8\xbd\xbb",
    "\xe8\xbd\xbc",
    "\xe8\xbd\xbd",
    "\xe8\xbd\xbf",
    "\xe8\xbe\x83",
    "\xe8\xbe\x84",
    "\xe8\xbe\x85",
    "\xe8\xbe\x86",
    "\xe8\xbe\x88",
    "\xe8\xbe\x89",
    "\xe8\xbe\x8a",
    "\xe8\xbe\x8b",
    "\xe8\xbe\x8d",
    "\xe8\xbe\x90",
    "\xe8\xbe\x91",
    "\xe8\xbe\x93",
    "\xe8\xbe\x95",
    "\xe8\xbe\x96",
    "\xe8\xbe\x97",
    "\xe8\xbe\x98",
    "\xe8\xbe\x99",
    "\xe8\xbe\x9b",
    "\xe8\xbe\x9c",
    "\xe8\xbe\x9e",
    "\xe8\xbe\x9f",
    "\xe8\xbe\xa3",
    "\xe8\xbe\xa6",
    "\xe8\xbe\xa7",
    "\xe8\xbe\xa8",
    "\xe8\xbe\xa9",
    "\xe8\xbe\xab",
    "\xe8\xbe\xb0",
    "\xe8\xbe\xb1",
    "\xe8\xbe\xb2",
    "\xe8\xbe\xb9",
    "\xe8\xbe\xbd",
    "\xe8\xbe\xbe",
    "\xe8\xbf\x81",
    "\xe8\xbf\x82",
    "\xe8\xbf\x84",
    "\xe8\xbf\x85",
    "\xe8\xbf\x87",
    "\xe8\xbf\x88",
    "\xe8\xbf\x8e",
    "\xe8\xbf\x90",
    "\xe8\xbf\x91",
    "\xe8\xbf\x94",
    "\xe8\xbf\x98",
    "\xe8\xbf\x99",
    "\xe8\xbf\x9b",
    "\xe8\xbf\x9c",
    "\xe8\xbf\x9d",
    "\xe8\xbf\x9e",
    "\xe8\xbf\x9f",
    "\xe8\xbf\xa2",
    "\xe8\xbf\xa4",
    "\xe8\xbf\xa5",
    "\xe8\xbf\xa6",
    "\xe8\xbf\xa9",
    "\xe8\xbf\xaa",
    "\xe8\xbf\xab",
    "\xe8\xbf\xad",
    "\xe8\xbf\xae",
    "\xe8\xbf\xb0",
    "\xe8\xbf\xb3",
    "\xe8\xbf\xb7",
    "\xe8\xbf\xb8",
    "\xe8\xbf\xb9",
    "\xe8\xbf\xbd",
    "\xe9\x80\x80",
    "\xe9\x80\x81",
    "\xe9\x80\x82",
    "\xe9\x80\x83",
    "\xe9\x80\x84",
    "\xe9\x80\x85",
    "\xe9\x80\x86",
    "\xe9\x80\x89",
    "\xe9\x80\x8a",
    "\xe9\x80\x8d",
    "\xe9\x80\x8f",
    "\xe9\x80\x90",
    "\xe9\x80\x91",
    "\xe9\x80\x92",
    "\xe9\x80\x94",
    "\xe9\x80\x97",
    "\xe9\x80\x99",
    "\xe9\x80\x9a",
    "\xe9\x80\x9b",
    "\xe9\x80\x9d",
    "\xe9\x80\x9e",
    "\xe9\x80\x9f",
    "\xe9\x80\xa0",
    "\xe9\x80\xa2",
    "\xe9\x80\xa3",
    "\xe9\x80\xad",
    "\xe9\x80\xae",
    "\xe9\x80\xaf",
    "\xe9\x80\xb2",
    "\xe9\x80\xb5",
    "\xe9\x80\xb8",
    "\xe9\x80\xb9",
    "\xe9\x80\xba",
    "\xe9\x80\xbb",
    "\xe9\x80\xbc",
    "\xe9\x80\xbe",
    "\xe9\x81\x81",
    "\xe9\x81\x82",
    "\xe9\x81\x87",
    "\xe9\x81\x8b",
    "\xe9\x81\x8d",
    "\xe9\x81\x8e",
    "\xe9\x81\x8f",
    "\xe9\x81\x90",
    "\xe9\x81\x92",
    "\xe9\x81\x93",
    "\xe9\x81\x94",
    "\xe9\x81\x97",
    "\xe9\x81\x9b",
    "\xe9\x81\xa0",
    "\xe9\x81\xa2",
    "\xe9\x81\xa3",
    "\xe9\x81\xa5",
    "\xe9\x81\xa8",
    "\xe9\x81\xa9",
    "\xe9\x81\xad",
    "\xe9\x81\xae",
    "\xe9\x81\xb4",
    "\xe9\x81\xb5",
    "\xe9\x81\xb8",
    "\xe9\x81\xbf",
    "\xe9\x82\x80",
    "\xe9\x82\x82",
    "\xe9\x82\x83",
    "\xe9\x82\x84",
    "\xe9\x82\x88",
    "\xe9\x82\x8b",
    "\xe9\x82\x8f",
    "\xe9\x82\x91",
    "\xe9\x82\x93",
    "\xe9\x82\x95",
    "\xe9\x82\x97",
    "\xe9\x82\x9b",
    "\xe9\x82\x9d",
    "\xe9\x82\xa1",
    "\xe9\x82\xa2",
    "\xe9\x82\xa3",
    "\xe9\x82\xa6",
    "\xe9\x82\xa8",
    "\xe9\x82\xaa",
    "\xe9\x82\xac",
    "\xe9\x82\xae",
    "\xe9\x82\xaf",
    "\xe9\x82\xb0",
    "\xe9\x82\xb1",
    "\xe9\x82\xb3",
    "\xe9\x82\xb4",
    "\xe9\x82\xb5",
    "\xe9\x82\xb8",
    "\xe9\x82\xb9",
    "\xe9\x82\xba",
    "\xe9\x82\xbb",
    "\xe9\x83\x81",
    "\xe9\x83\x85",
    "\xe9\x83\x8a",
    "\xe9\x83\x8e",
    "\xe9\x83\x8f",
    "\xe9\x83\x91",
    "\xe9\x83\x93",
    "\xe9\x83\x97",
    "\xe9\x83\x9b",
    "\xe9\x83\x9c",
    "\xe9\x83\x9d",
    "\xe9\x83\xa1",
    "\xe9\x83\xa2",
    "\xe9\x83\xa6",
    "\xe9\x83\xa7",
    "\xe9\x83\xa8",
    "\xe9\x83\xab",
    "\xe9\x83\xad",
    "\xe9\x83\xaf",
    "\xe9\x83\xb4",
    "\xe9\x83\xb5",
    "\xe9\x83\xb8",
    "\xe9\x83\xbd",
    "\xe9\x83\xbe",
    "\xe9\x84\x82",
    "\xe9\x84\x84",
    "\xe9\x84\x89",
    "\xe9\x84\x99",
    "\xe9\x84\x9e",
    "\xe9\x84\xa2",
    "\xe9\x84\xa3",
    "\xe9\x84\xad",
    "\xe9\x84\xaf",
    "\xe9\x84\xb1",
    "\xe9\x84\xba",
    "\xe9\x85\x89",
    "\xe9\x85\x8a",
    "\xe9\x85\x8b",
    "\xe9\x85\x8c",
    "\xe9\x85\x8d",
    "\xe9\x85\x90",
    "\xe9\x85\x92",
    "\xe9\x85\x97",
    "\xe9\x85\x9a",
    "\xe9\x85\x9d",
    "\xe9\x85\x9e",
    "\xe9\x85\xa1",
    "\xe9\x85\xa3",
    "\xe9\x85\xa5",
    "\xe9\x85\xaa",
    "\xe9\x85\xac",
    "\xe9\x85\xae",
    "\xe9\x85\xaf",
    "\xe9\x85\xb0",
    "\xe9\x85\xb1",
    "\xe9\x85\xb5",
    "\xe9\x85\xb6",
    "\xe9\x85\xb7",
    "\xe9\x85\xb8",
    "\xe9\x85\xbf",
    "\xe9\x86\x87",
    "\xe9\x86\x89",
    "\xe9\x86\x8b",
    "\xe9\x86\x8c",
    "\xe9\x86\x8d",
    "\xe9\x86\x90",
    "\xe9\x86\x92",
    "\xe9\x86\x9a",
    "\xe9\x86\x9b",
    "\xe9\x86\x9c",
    "\xe9\x86\xaa",
    "\xe9\x86\xab",
    "\xe9\x86\xac",
    "\xe9\x86\xb4",
    "\xe9\x86\xba",
    "\xe9\x87\x80",
    "\xe9\x87\x87",
    "\xe9\x87\x89",
    "\xe9\x87\x8a",
    "\xe9\x87\x8c",
    "\xe9\x87\x8d",
    "\xe9\x87\x8e",
    "\xe9\x87\x8f",
    "\xe9\x87\x91",
    "\xe9\x87\x9c",
    "\xe9\x87\x9d",
    "\xe9\x87\xa3",
    "\xe9\x88\xb4",
    "\xe9\x88\xba",
    "\xe9\x89\x85",
    "\xe9\x89\x8c",
    "\xe9\x89\xb4",
    "\xe9\x8a\x80",
    "\xe9\x8a\x98",
    "\xe9\x8a\xad",
    "\xe9\x8a\xae",
    "\xe9\x8a\xb7",
    "\xe9\x8b\xaa",
    "\xe9\x8b\xbc",
    "\xe9\x8c\x84",
    "\xe9\x8c\xa6",
    "\xe9\x8c\xaf",
    "\xe9\x8c\xb6",
    "\xe9\x8d\x8a",
    "\xe9\x8d\x8b",
    "\xe9\x8d\xb5",
    "\xe9\x8e\x8f",
    "\xe9\x8e\x96",
    "\xe9\x8e\xae",
    "\xe9\x8e\xbb",
    "\xe9\x8f\x96",
    "\xe9\x8f\xa1",
    "\xe9\x8f\xa2",
    "\xe9\x90\x98",
    "\xe9\x90\xa1",
    "\xe9\x90\xb5",
    "\xe9\x91\x92",
    "\xe9\x91\xab",
    "\xe9\x91\xbd",
    "\xe9\x92\x87",
    "\xe9\x92\x88",
    "\xe9\x92\x89",
    "\xe9\x92\x8a",
    "\xe9\x92\x8e",
    "\xe9\x92\x8f",
    "\xe9\x92\x92",
    "\xe9\x92\x93",
    "\xe9\x92\x95",
    "\xe9\x92\x97",
    "\xe9\x92\x99",
    "\xe9\x92\x9a",
    "\xe9\x92\x9b",
    "\xe9\x92\x9c",
    "\xe9\x92\x9d",
    "\xe9\x92\x9e",
    "\xe9\x92\x9f",
    "\xe9\x92\xa0",
    "\xe9\x92\xa1",
    "\xe9\x92\xa2",
    "\xe9\x92\xa3",
    "\xe9\x92\xa5",
    "\xe9\x92\xa6",
    "\xe9\x92\xa7",
    "\xe9\x92\xa8",
    "\xe9\x92\xa9",
    "\xe9\x92\xac",
    "\xe9\x92\xae",
    "\xe9\x92\xaf",
    "\xe9\x92\xb0",
    "\xe9\x92\xb1",
    "\xe9\x92\xb3",
    "\xe9\x92\xb4",
    "\xe9\x92\xb5",
    "\xe9\x92\xba",
    "\xe9\x92\xbb",
    "\xe9\x92\xbc",
    "\xe9\x92\xbd",
    "\xe9\x92\xbe",
    "\xe9\x92\xbf",
    "\xe9\x93\x80",
    "\xe9\x93\x81",
    "\xe9\x93\x82",
    "\xe9\x93\x83",
    "\xe9\x93\x84",
    "\xe9\x93\x85",
    "\xe9\x93\x86",
    "\xe9\x93\x88",
    "\xe9\x93\x89",
    "\xe9\x93\x8a",
    "\xe9\x93\x8b",
    "\xe9\x93\x8c",
    "\xe9\x93\x8d",
    "\xe9\x93\x8e",
    "\xe9\x93\x90",
    "\xe9\x93\x91",
    "\xe9\x93\x92",
    "\xe9\x93\x95",
    "\xe9\x93\x96",
    "\xe9\x93\x9b",
    "\xe9\x93\x9c",
    "\xe9\x93\x9d",
    "\xe9\x93\x9e",
    "\xe9\x93\x9f",
    "\xe9\x93\xa0",
    "\xe9\x93\xa1",
    "\xe9\x93\xa2",
    "\xe9\x93\xa3",
    "\xe9\x93\xa4",
    "\xe9\x93\xa7",
    "\xe9\x93\xa8",
    "\xe9\x93\xaa",
    "\xe9\x93\xac",
    "\xe9\x93\xad",
    "\xe9\x93\xae",
    "\xe9\x93\xb0",
    "\xe9\x93\xb1",
    "\xe9\x93\xb2",
    "\xe9\x93\xb5",
    "\xe9\x93\xb6",
    "\xe9\x93\xb8",
    "\xe9\x93\xba",
    "\xe9\x93\xbe",
    "\xe9\x93\xbf",
    "\xe9\x94\x80",
    "\xe9\x94\x81",
    "\xe9\x94\x82",
    "\xe9\x94\x84",
    "\xe9\x94\x85",
    "\xe9\x94\x86",
    "\xe9\x94\x88",
    "\xe9\x94\x89",
    "\xe9\x94\x8b",
    "\xe9\x94\x8c",
    "\xe9\x94\x8f",
    "\xe9\x94\x90",
    "\xe9\x94\x91",
    "\xe9\x94\x94",
    "\xe9\x94\x95",
    "\xe9\x94\x97",
    "\xe9\x94\x98",
    "\xe9\x94\x99",
    "\xe9\x94\x9a",
    "\xe9\x94\x9b",
    "\xe9\x94\x9d",
    "\xe9\x94\x9f",
    "\xe9\x94\xa1",
    "\xe9\x94\xa2",
    "\xe9\x94\xa3",
    "\xe9\x94\xa4",
    "\xe9\x94\xa5",
    "\xe9\x94\xa6",
    "\xe9\x94\xa8",
    "\xe9\x94\xad",
    "\xe9\x94\xae",
    "\xe9\x94\xaf",
    "\xe9\x94\xb0",
    "\xe9\x94\xb2",
    "\xe9\x94\xb4",
    "\xe9\x94\xb5",
    "\xe9\x94\xb6",
    "\xe9\x94\xb7",
    "\xe9\x94\xb9",
    "\xe9\x94\xba",
    "\xe9\x94\xbb",
    "\xe9\x94\xbd",
    "\xe9\x95\x80",
    "\xe9\x95\x81",
    "\xe9\x95\x82",
    "\xe9\x95\x87",
    "\xe9\x95\x89",
    "\xe9\x95\x8a",
    "\xe9\x95\x8c",
    "\xe9\x95\x8d",
    "\xe9\x95\x90",
    "\xe9\x95\x91",
    "\xe9\x95\x92",
    "\xe9\x95\x93",
    "\xe9\x95\x96",
    "\xe9\x95\x97",
    "\xe9\x95\x9b",
    "\xe9\x95\x9c",
    "\xe9\x95\x9d",
    "\xe9\x95\xa3",
    "\xe9\x95\xa6",
    "\xe9\x95\xa7",
    "\xe9\x95\xad",
    "\xe9\x95\xaf",
    "\xe9\x95\xb0",
    "\xe9\x95\xb1",
    "\xe9\x95\xb3",
    "\xe9\x95\xb6",
    "\xe9\x95\xb7",
    "\xe9\x95\xbf",
    "\xe9\x96\x80",
    "\xe9\x96\x83",
    "\xe9\x96\x8b",
    "\xe9\x96\x8f",
    "\xe9\x96\x91",
    "\xe9\x96\x93",
    "\xe9\x96\x9f",
    "\xe9\x96\xa2",
    "\xe9\x96\xa3",
    "\xe9\x96\xa5",
    "\xe9\x96\xa9",
    "\xe9\x97\x9c",
    "\xe9\x97\xa8",
    "\xe9\x97\xaa",
    "\xe9\x97\xab",
    "\xe9\x97\xad",
    "\xe9\x97\xae",
    "\xe9\x97\xaf",
    "\xe9\x97\xb0",
    "\xe9\x97\xb1",
    "\xe9\x97\xb2",
    "\xe9\x97\xb3",
    "\xe9\x97\xb4",
    "\xe9\x97\xb5",
    "\xe9\x97\xb7",
    "\xe9\x97\xb8",
    "\xe9\x97\xb9",
    "\xe9\x97\xba",
    "\xe9\x97\xbb",
    "\xe9\x97\xbd",
    "\xe9\x97\xbe",
    "\xe9\x97\xbf",
    "\xe9\x98\x80",
    "\xe9\x98\x81",
    "\xe9\x98\x82",
    "\xe9\x98\x84",
    "\xe9\x98\x85",
    "\xe9\x98\x86",
    "\xe9\x98\x88",
    "\xe9\x98\x89",
    "\xe9\x98\x8a",
    "\xe9\x98\x8e",
    "\xe9\x98\x90",
    "\xe9\x98\x91",
    "\xe9\x98\x94",
    "\xe9\x98\x95",
    "\xe9\x98\x96",
    "\xe9\x98\x97",
    "\xe9\x98\x99",
    "\xe9\x98\x9a",
    "\xe9\x98\x9c",
    "\xe9\x98\x9d",
    "\xe9\x98\x9f",
    "\xe9\x98\xa1",
    "\xe9\x98\xaa",
    "\xe9\x98\xae",
    "\xe9\x98\xb1",
    "\xe9\x98\xb2",
    "\xe9\x98\xb3",
    "\xe9\x98\xb4",
    "\xe9\x98\xb5",
    "\xe9\x98\xb6",
    "\xe9\x98\xbb",
    "\xe9\x98\xbf",
    "\xe9\x99\x80",
    "\xe9\x99\x82",
    "\xe9\x99\x84",
    "\xe9\x99\x85",
    "\xe9\x99\x86",
    "\xe9\x99\x87",
    "\xe9\x99\x88",
    "\xe9\x99\x89",
    "\xe9\x99\x8b",
    "\xe9\x99\x8c",
    "\xe9\x99\x8d",
    "\xe9\x99\x90",
    "\xe9\x99\x95",
    "\xe9\x99\x9b",
    "\xe9\x99\x9f",
    "\xe9\x99\xa1",
    "\xe9\x99\xa2",
    "\xe9\x99\xa4",
    "\xe9\x99\xa8",
    "\xe9\x99\xa9",
    "\xe9\x99\xaa",
    "\xe9\x99\xb0",
    "\xe9\x99\xb2",
    "\xe9\x99\xb3",
    "\xe9\x99\xb5",
    "\xe9\x99\xb6",
    "\xe9\x99\xb7",
    "\xe9\x99\xbd",
    "\xe9\x9a\x85",
    "\xe9\x9a\x86",
    "\xe9\x9a\x8b",
    "\xe9\x9a\x8d",
    "\xe9\x9a\x8f",
    "\xe9\x9a\x90",
    "\xe9\x9a\x94",
    "\xe9\x9a\x97",
    "\xe9\x9a\x98",
    "\xe9\x9a\x99",
    "\xe9\x9a\x9b",
    "\xe9\x9a\x9c",
    "\xe9\x9a\xa7",
    "\xe9\x9a\xa8",
    "\xe9\x9a\xb6",
    "\xe9\x9a\xb9",
    "\xe9\x9a\xbc",
    "\xe9\x9a\xbd",
    "\xe9\x9a\xbe",
    "\xe9\x9b\x80",
    "\xe9\x9b\x81",
    "\xe9\x9b\x84",
    "\xe9\x9b\x85",
    "\xe9\x9b\x86",
    "\xe9\x9b\x87",
    "\xe9\x9b\x89",
    "\xe9\x9b\x8c",
    "\xe9\x9b\x8d",
    "\xe9\x9b\x8e",
    "\xe9\x9b\x8f",
    "\xe9\x9b\x92",
    "\xe9\x9b\x95",
    "\xe9\x9b\x99",
    "\xe9\x9b\x9c",
    "\xe9\x9b\x9e",
    "\xe9\x9b\xa2",
    "\xe9\x9b\xa3",
    "\xe9\x9b\xa8",
    "\xe9\x9b\xaa",
    "\xe9\x9b\xaf",
    "\xe9\x9b\xb2",
    "\xe9\x9b\xb3",
    "\xe9\x9b\xb6",
    "\xe9\x9b\xb7",
    "\xe9\x9b\xb9",
    "\xe9\x9b\xbb",
    "\xe9\x9b\xbe",
    "\xe9\x9c\x80",
    "\xe9\x9c\x81",
    "\xe9\x9c\x84",
    "\xe9\x9c\x86",
    "\xe9\x9c\x87",
    "\xe9\x9c\x89",
    "\xe9\x9c\x8d",
    "\xe9\x9c\x8e",
    "\xe9\x9c\x8f",
    "\xe9\x9c\x93",
    "\xe9\x9c\x96",
    "\xe9\x9c\x9c",
    "\xe9\x9c\x9e",
    "\xe9\x9c\xad",
    "\xe9\x9c\xb0",
    "\xe9\x9c\xb2",
    "\xe9\x9c\xb8",
    "\xe9\x9c\xb9",
    "\xe9\x9c\xbe",
    "\xe9\x9d\x88",
    "\xe9\x9d\x91",
    "\xe9\x9d\x92",
    "\xe9\x9d\x93",
    "\xe9\x9d\x96",
    "\xe9\x9d\x99",
    "\xe9\x9d\x9b",
    "\xe9\x9d\x9c",
    "\xe9\x9d\x9e",
    "\xe9\x9d\xa0",
    "\xe9\x9d\xa1",
    "\xe9\x9d\xa2",
    "\xe9\x9d\xa5",
    "\xe9\x9d\xa9",
    "\xe9\x9d\xb3",
    "\xe9\x9d\xb4",
    "\xe9\x9d\xb6",
    "\xe9\x9e\x85",
    "\xe9\x9e\x8b",
    "\xe9\x9e\x8d",
    "\xe9\x9e\x91",
    "\xe9\x9e\x98",
    "\xe9\x9e\xa0",
    "\xe9\x9e\xa3",
    "\xe9\x9e\xad",
    "\xe9\x9f\x93",
    "\xe9\x9f\xa6",
    "\xe9\x9f\xa7",
    "\xe9\x9f\xa9",
    "\xe9\x9f\xab",
    "\xe9\x9f\xac",
    "\xe9\x9f\xad",
    "\xe9\x9f\xb3",
    "\xe9\x9f\xb5",
    "\xe9\x9f\xb6",
    "\xe9\xa0\x82",
    "\xe9\xa0\x86",
    "\xe9\xa0\x93",
    "\xe9\xa0\x94",
    "\xe9\xa0\xa1",
    "\xe9\xa0\xa4",
    "\xe9\xa0\xad",
    "\xe9\xa0\xb0",
    "\xe9\xa1\x8c",
    "\xe9\xa1\x8f",
    "\xe9\xa1\x94",
    "\xe9\xa1\x9e",
    "\xe9\xa1\xa7",
    "\xe9\xa1\xaf",
    "\xe9\xa1\xb5",
    "\xe9\xa1\xb6",
    "\xe9\xa1\xb7",
    "\xe9\xa1\xb9",
    "\xe9\xa1\xba",
    "\xe9\xa1\xbb",
    "\xe9\xa1\xbd",
    "\xe9\xa1\xbe",
    "\xe9\xa1\xbf",
    "\xe9\xa2\x81",
    "\xe9\xa2\x82",
    "\xe9\xa2\x84",
    "\xe9\xa2\x85",
    "\xe9\xa2\x86",
    "\xe9\xa2\x87",
    "\xe9\xa2\x88",
    "\xe9\xa2\x89",
    "\xe9\xa2\x8a",
    "\xe9\xa2\x8c",
    "\xe9\xa2\x8d",
    "\xe9\xa2\x90",
    "\xe9\xa2\x91",
    "\xe9\xa2\x93",
    "\xe9\xa2\x94",
    "\xe9\xa2\x96",
    "\xe9\xa2\x97",
    "\xe9\xa2\x98",
    "\xe9\xa2\x9a",
    "\xe9\xa2\x9b",
    "\xe9\xa2\x9c",
    "\xe9\xa2\x9d",
    "\xe9\xa2\x9e",
    "\xe9\xa2\xa0",
    "\xe9\xa2\xa1",
    "\xe9\xa2\xa2",
    "\xe9\xa2\xa4",
    "\xe9\xa2\xa6",
    "\xe9\xa2\xa7",
    "\xe9\xa2\xa8",
    "\xe9\xa3\x84",
    "\xe9\xa3\x8e",
    "\xe9\xa3\x92",
    "\xe9\xa3\x93",
    "\xe9\xa3\x95",
    "\xe9\xa3\x98",
    "\xe9\xa3\x99",
    "\xe9\xa3\x9b",
    "\xe9\xa3\x9e",
    "\xe9\xa3\x9f",
    "\xe9\xa3\xa8",
    "\xe9\xa3\xac",
    "\xe9\xa3\xae",
    "\xe9\xa3\xaf",
    "\xe9\xa3\xb2",
    "\xe9\xa3\xbc",
    "\xe9\xa3\xbe",
    "\xe9\xa4\x85",
    "\xe9\xa4\x8a",
    "\xe9\xa4\x90",
    "\xe9\xa4\x98",
    "\xe9\xa4\xa0",
    "\xe9\xa4\xa8",
    "\xe9\xa4\xae",
    "\xe9\xa5\x83",
    "\xe9\xa5\x85",
    "\xe9\xa5\x95",
    "\xe9\xa5\xa5",
    "\xe9\xa5\xa8",
    "\xe9\xa5\xaa",
    "\xe9\xa5\xac",
    "\xe9\xa5\xad",
    "\xe9\xa5\xae",
    "\xe9\xa5\xaf",
    "\xe9\xa5\xb0",
    "\xe9\xa5\xb1",
    "\xe9\xa5\xb2",
    "\xe9\xa5\xb4",
    "\xe9\xa5\xb5",
    "\xe9\xa5\xb6",
    "\xe9\xa5\xb7",
    "\xe9\xa5\xb8",
    "\xe9\xa5\xb9",
    "\xe9\xa5\xba",
    "\xe9\xa5\xbc",
    "\xe9\xa5\xbd",
    "\xe9\xa5\xbf",
    "\xe9\xa6\x81",
    "\xe9\xa6\x84",
    "\xe9\xa6\x85",
    "\xe9\xa6\x86",
    "\xe9\xa6\x88",
    "\xe9\xa6\x8a",
    "\xe9\xa6\x8b",
    "\xe9\xa6\x8d",
    "\xe9\xa6\x8f",
    "\xe9\xa6\x92",
    "\xe9\xa6\x95",
    "\xe9\xa6\x96",
    "\xe9\xa6\x97",
    "\xe9\xa6\x99",
    "\xe9\xa6\xa5",
    "\xe9\xa6\xa8",
    "\xe9\xa6\xac",
    "\xe9\xa6\xae",
    "\xe9\xa6\xb4",
    "\xe9\xa7\x95",
    "\xe9\xa8\xb0",
    "\xe9\xa8\xb7",
    "\xe9\xa9\x97",
    "\xe9\xa9\xac",
    "\xe9\xa9\xad",
    "\xe9\xa9\xae",
    "\xe9\xa9\xaf",
    "\xe9\xa9\xb0",
    "\xe9\xa9\xb1",
    "\xe9\xa9\xb3",
    "\xe9\xa9\xb4",
    "\xe9\xa9\xb6",
    "\xe9\xa9\xb7",
    "\xe9\xa9\xb8",
    "\xe9\xa9\xb9",
    "\xe9\xa9\xbb",
    "\xe9\xa9\xbc",
    "\xe9\xa9\xbd",
    "\xe9\xa9\xbe",
    "\xe9\xa9\xbf",
    "\xe9\xaa\x81",
    "\xe9\xaa\x82",
    "\xe9\xaa\x84",
    "\xe9\xaa\x85",
    "\xe9\xaa\x86",
    "\xe9\xaa\x87",
    "\xe9\xaa\x8a",
    "\xe9\xaa\x8b",
    "\xe9\xaa\x8c",
    "\xe9\xaa\x8f",
    "\xe9\xaa\x90",
    "\xe9\xaa\x91",
    "\xe9\xaa\x93",
    "\xe9\xaa\x97",
    "\xe9\xaa\x9a",
    "\xe9\xaa\x9b",
    "\xe9\xaa\x9c",
    "\xe9\xaa\x9d",
    "\xe9\xaa\x9e",
    "\xe9\xaa\xa0",
    "\xe9\xaa\xa1",
    "\xe9\xaa\xa4",
    "\xe9\xaa\xa5",
    "\xe9\xaa\xa7",
    "\xe9\xaa\xa8",
    "\xe9\xaa\xb0",
    "\xe9\xaa\xb6",
    "\xe9\xaa\xb7",
    "\xe9\xaa\xb8",
    "\xe9\xaa\xba",
    "\xe9\xaa\xbc",
    "\xe9\xab\x81",
    "\xe9\xab\x82",
    "\xe9\xab\x85",
    "\xe9\xab\x8b",
    "\xe9\xab\x8c",
    "\xe9\xab\x93",
    "\xe9\xab\x94",
    "\xe9\xab\x98",
    "\xe9\xab\x99",
    "\xe9\xab\xa6",
    "\xe9\xab\xaa",
    "\xe9\xab\xae",
    "\xe9\xab\xaf",
    "\xe9\xab\xbb",
    "\xe9\xac\x83",
    "\xe9\xac\x93",
    "\xe9\xac\x9f",
    "\xe9\xac\xa3",
    "\xe9\xac\xb2",
    "\xe9\xac\xbc",
    "\xe9\xad\x81",
    "\xe9\xad\x82",
    "\xe9\xad\x84",
    "\xe9\xad\x85",
    "\xe9\xad\x87",
    "\xe9\xad\x89",
    "\xe9\xad\x8f",
    "\xe9\xad\x94",
    "\xe9\xad\x9a",
    "\xe9\xae\xae",
    "\xe9\xaf\x89",
    "\xe9\xaf\xa8",
    "\xe9\xaf\xbd",
    "\xe9\xb1\xac",
    "\xe9\xb1\xb8",
    "\xe9\xb1\xbb",
    "\xe9\xb1\xbc",
    "\xe9\xb1\xbf",
    "\xe9\xb2\x81",
    "\xe9\xb2\x82",
    "\xe9\xb2\x85",
    "\xe9\xb2\x86",
    "\xe9\xb2\x87",
    "\xe9\xb2\x88",
    "\xe9\xb2\x8d",
    "\xe9\xb2\x91",
    "\xe9\xb2\x9b",
    "\xe9\xb2\x9c",
    "\xe9\xb2\x9f",
    "\xe9\xb2\xa2",
    "\xe9\xb2\xa4",
    "\xe9\xb2\xa8",
    "\xe9\xb2\xa9",
    "\xe9\xb2\xab",
    "\xe9\xb2\xae",
    "\xe9\xb2\xb1",
    "\xe9\xb2\xb2",
    "\xe9\xb2\xb3",
    "\xe9\xb2\xb5",
    "\xe9\xb2\xb7",
    "\xe9\xb2\xb8",
    "\xe9\xb2\xbd",
    "\xe9\xb3\x83",
    "\xe9\xb3\x84",
    "\xe9\xb3\x85",
    "\xe9\xb3\x8c",
    "\xe9\xb3\x8d",
    "\xe9\xb3\x8e",
    "\xe9\xb3\x90",
    "\xe9\xb3\x95",
    "\xe9\xb3\x96",
    "\xe9\xb3\x97",
    "\xe9\xb3\x99",
    "\xe9\xb3\x9c",
    "\xe9\xb3\x9d",
    "\xe9\xb3\x9e",
    "\xe9\xb3\x9f",
    "\xe9\xb3\xa5",
    "\xe9\xb3\xaf",
    "\xe9\xb3\xb3",
    "\xe9\xb4\xa8",
    "\xe9\xb4\xbb",
    "\xe9\xb4\xbf",
    "\xe9\xb5\xac",
    "\xe9\xb6\x8f",
    "\xe9\xb7\x84",
    "\xe9\xb7\x97",
    "\xe9\xb7\xb9",
    "\xe9\xb8\x9f",
    "\xe9\xb8\xa0",
    "\xe9\xb8\xa1",
    "\xe9\xb8\xa2",
    "\xe9\xb8\xa3",
    "\xe9\xb8\xa5",
    "\xe9\xb8\xa6",
    "\xe9\xb8\xa8",
    "\xe9\xb8\xaa",
    "\xe9\xb8\xac",
    "\xe9\xb8\xad",
    "\xe9\xb8\xaf",
    "\xe9\xb8\xb3",
    "\xe9\xb8\xb5",
    "\xe9\xb8\xbd",
    "\xe9\xb8\xbe",
    "\xe9\xb8\xbf",
    "\xe9\xb9\x82",
    "\xe9\xb9\x83",
    "\xe9\xb9\x84",
    "\xe9\xb9\x85",
    "\xe9\xb9\x89",
    "\xe9\xb9\x8a",
    "\xe9\xb9\x8c",
    "\xe9\xb9\x8f",
    "\xe9\xb9\x91",
    "\xe9\xb9\x97",
    "\xe9\xb9\x9c",
    "\xe9\xb9\x9e",
    "\xe9\xb9\xa4",
    "\xe9\xb9\xa6",
    "\xe9\xb9\xa7",
    "\xe9\xb9\xab",
    "\xe9\xb9\xad",
    "\xe9\xb9\xb0",
    "\xe9\xb9\xb3",
    "\xe9\xb9\xbd",
    "\xe9\xb9\xbf",
    "\xe9\xba\x82",
    "\xe9\xba\x8b",
    "\xe9\xba\x92",
    "\xe9\xba\x93",
    "\xe9\xba\x97",
    "\xe9\xba\x9d",
    "\xe9\xba\x9f",
    "\xe9\xba\xa5",
    "\xe9\xba\xa6",
    "\xe9\xba\xaf",
    "\xe9\xba\xb5",
    "\xe9\xba\xb8",
    "\xe9\xba\xba",
    "\xe9\xba\xbb",
    "\xe9\xba\xbd",
    "\xe9\xba\xbe",
    "\xe9\xbb\x83",
    "\xe9\xbb\x84",
    "\xe9\xbb\x8d",
    "\xe9\xbb\x8e",
    "\xe9\xbb\x8f",
    "\xe9\xbb\x91",
    "\xe9\xbb\x92",
    "\xe9\xbb\x94",
    "\xe9\xbb\x98",
    "\xe9\xbb\x9b",
    "\xe9\xbb\x9c",
    "\xe9\xbb\x9d",
    "\xe9\xbb\x9e",
    "\xe9\xbb\x9f",
    "\xe9\xbb\xa0",
    "\xe9\xbb\xaf",
    "\xe9\xbc\x8e",
    "\xe9\xbc\x93",
    "\xe9\xbc\x99",
    "\xe9\xbc\xa0",
    "\xe9\xbc\xac",
    "\xe9\xbc\xbb",
    "\xe9\xbc\xbd",
    "\xe9\xbc\xbe",
    "\xe9\xbd\x8a",
    "\xe9\xbd\x8b",
    "\xe9\xbd\x90",
    "\xe9\xbd\xbf",
    "\xe9\xbe\x84",
    "\xe9\xbe\x88",
    "\xe9\xbe\x8a",
    "\xe9\xbe\x8b",
    "\xe9\xbe\x8c",
    "\xe9\xbe\x8d",
    "\xe9\xbe\x99",
    "\xe9\xbe\x9a",
    "\xe9\xbe\x9b",
    "\xe9\xbe\x9f",
    "\xe9\xbe\xa2",
    "\xef\xb8\xbd",
    "\xef\xb8\xbe",
    "\xef\xb9\x8f",
    "\xef\xb9\xa5",
    "\xef\xb9\xaa",
    "\xef\xbc\x81",
    "\xef\xbc\x83",
    "\xef\xbc\x85",
    "\xef\xbc\x86",
    "\xef\xbc\x88",
    "\xef\xbc\x89",
    "\xef\xbc\x8b",
    "\xef\xbc\x8c",
    "\xef\xbc\x8d",
    "\xef\xbc\x8e",
    "\xef\xbc\x8f",
    "\xef\xbc\x90",
    "\xef\xbc\x91",
    "\xef\xbc\x92",
    "\xef\xbc\x93",
    "\xef\xbc\x94",
    "\xef\xbc\x95",
    "\xef\xbc\x96",
    "\xef\xbc\x97",
    "\xef\xbc\x98",
    "\xef\xbc\x99",
    "\xef\xbc\x9a",
    "\xef\xbc\x9b",
    "\xef\xbc\x9d",
    "\xef\xbc\x9f",
    "\xef\xbc\xa0",
    "\xef\xbc\xa1",
    "\xef\xbc\xa2",
    "\xef\xbc\xa3",
    "\xef\xbc\xa4",
    "\xef\xbc\xa5",
    "\xef\xbc\xa6",
    "\xef\xbc\xa7",
    "\xef\xbc\xa8",
    "\xef\xbc\xa9",
    "\xef\xbc\xaa",
    "\xef\xbc\xab",
    "\xef\xbc\xac",
    "\xef\xbc\xad",
    "\xef\xbc\xae",
    "\xef\xbc\xaf",
    "\xef\xbc\xb0",
    "\xef\xbc\xb1",
    "\xef\xbc\xb2",
    "\xef\xbc\xb3",
    "\xef\xbc\xb4",
    "\xef\xbc\xb5",
    "\xef\xbc\xb6",
    "\xef\xbc\xb7",
    "\xef\xbc\xb8",
    "\xef\xbc\xb9",
    "\xef\xbc\xba",
    "\xef\xbd\x81",
    "\xef\xbd\x82",
    "\xef\xbd\x83",
    "\xef\xbd\x84",
    "\xef\xbd\x85",
    "\xef\xbd\x86",
    "\xef\xbd\x87",
    "\xef\xbd\x88",
    "\xef\xbd\x89",
    "\xef\xbd\x8a",
    "\xef\xbd\x8b",
    "\xef\xbd\x8c",
    "\xef\xbd\x8d",
    "\xef\xbd\x8e",
    "\xef\xbd\x8f",
    "\xef\xbd\x90",
    "\xef\xbd\x91",
    "\xef\xbd\x92",
    "\xef\xbd\x93",
    "\xef\xbd\x94",
    "\xef\xbd\x95",
    "\xef\xbd\x96",
    "\xef\xbd\x97",
    "\xef\xbd\x98",
    "\xef\xbd\x99",
    "\xef\xbd\x9a",
    "\xef\xbd\x9c",
    "\xef\xbd\x9e",
    "\xef\xbf\xa5",
    "\x20", // space char
};

static constexpr size_t charset_size = sizeof(charset) / sizeof(charset[0]);

} // namespace dict
} // namespace pp_ocr_v6
